dish_id,dish_name_th,category_th,ingredient_th,baowio_food_code,baowio_matched_name_th,energy_kcal_per100g,protein_g_per100g,fat_g_per100g,carb_g_per100g,portion_g,note
1,ผัดซีอิ๊วหมู,1. เส้น/ก๋วยเตี๋ยว,เส้นใหญ่,A4,"ก๋วยเตี๋ยวเส้นใหญ่, สด",155.0,2.87,1.71,32.3,150.0,
1,ผัดซีอิ๊วหมู,1. เส้น/ก๋วยเตี๋ยว,หมู,"INMU, F75","หมู, เนื้อ, ดิบ",124.0,21.13,3.97,0.91,60.0,ซอสปรุงรส น้ำมันหอย น้ำปลา 1 ชต. 18 กรัม
1,ผัดซีอิ๊วหมู,1. เส้น/ก๋วยเตี๋ยว,ไข่,"INMU, H19",ไข่ไก่ ทั้งฟอง ดิบ,133.0,13.02,8.33,1.59,50.0,เนื้อสัตว์ ดิบ 1 ช้อนโต๊ะ  15 กรัม
1,ผัดซีอิ๊วหมู,1. เส้น/ก๋วยเตี๋ยว,คะน้า,–,คะน้า (Chinese kale),26.0,2.8,0.5,3.6,50.0,ผักสด 2 ทัพพี  50 กรัม
1,ผัดซีอิ๊วหมู,1. เส้น/ก๋วยเตี๋ยว,ซีอิ๊วดำ,"INMU, N140",ซีอิ๊วดำ สูตร 4 (ซอสจากกากน้ำตาลและถั่วเหลือง),226.0,1.95,0.0,54.65,10.0,ผักสุก 1 ทัพพี  40 กรัม
1,ผัดซีอิ๊วหมู,1. เส้น/ก๋วยเตี๋ยว,ซีอิ๊วขาว,"INMU, N136",ซีอิ๊วขาว (ไม่ระบุเกรด),37.7,4.24,0.0,5.18,10.0,ไข่ไก่ ดิบ 1 ฟอง กลาง 50 กรัม
1,ผัดซีอิ๊วหมู,1. เส้น/ก๋วยเตี๋ยว,น้ำมันหอย,"INMU, N60",ซอสหอยนางรม,61.0,2.65,0.07,12.73,10.0,ข้าวสวย 1 ทัพพี 60 กรัม
1,ผัดซีอิ๊วหมู,1. เส้น/ก๋วยเตี๋ยว,น้ำตาล,–,น้ำตาลทราย,387.0,0.0,0.0,100.0,5.0,เส้นก๋วยเตี๋ยว 1 ทัพพี 50 กรัม
1,ผัดซีอิ๊วหมู,1. เส้น/ก๋วยเตี๋ยว,กระเทียม,"INMU, N1",กระเทียม หัว แห้ง,134.0,6.3,0.21,26.73,5.0,
1,ผัดซีอิ๊วหมู,1. เส้น/ก๋วยเตี๋ยว,น้ำมันพืช,"INMU, K21",น้ำมันปาล์มโอเลอิน ผ่านกรรมวิธี ต่อ 100 มล.,829.0,0.0,91.33,0.0,6.0,"น้ำมัน 2 ช้อนชา
น้ำตาล 1 ช้อนชา
ผักสุก 1-1.5 ทัพพี "
1,ผัดซีอิ๊วหมู,1. เส้น/ก๋วยเตี๋ยว,น้ำพริกเผา,–,น้ำพริกเผา,200.0,2.0,15.0,17.0,5.0,เนื้อสัตว์ 4 ช้อนโต๊ะ
2,ก๋วยเตี๋ยวเรือหมู*,1. เส้น/ก๋วยเตี๋ยว,เส้นเล็ก,"INMU, A3","ก๋วยเตี๋ยวเส้นเล็ก, สด",234.0,4.07,0.95,52.47,66.0,
2,ก๋วยเตี๋ยวเรือหมู,1. เส้น/ก๋วยเตี๋ยว,เนื้อหมู,"INMU, F75","หมู, เนื้อ, ดิบ",124.0,21.13,3.97,0.91,45.0,
2,ก๋วยเตี๋ยวเรือหมู,1. เส้น/ก๋วยเตี๋ยว,ลูกชิ้น,"INMU, F156",ลูกชิ้น หมู ลวก,140.0,13.23,6.03,8.33,14.0,
2,ก๋วยเตี๋ยวเรือหมู,1. เส้น/ก๋วยเตี๋ยว,ผักบุ้ง,–,ผักบุ้ง,19.0,2.6,0.2,3.1,25.0,
2,ก๋วยเตี๋ยวเรือหมู,1. เส้น/ก๋วยเตี๋ยว,ถั่วงอก,–,ถั่วงอก,30.0,3.0,0.2,5.9,25.0,
2,ก๋วยเตี๋ยวเรือหมู,1. เส้น/ก๋วยเตี๋ยว,น้ำซุปเครื่องเทศ,–,น้ำซุปเครื่องเทศ,10.0,1.0,0.3,1.0,100.0,
2,ก๋วยเตี๋ยวเรือหมู,1. เส้น/ก๋วยเตี๋ยว,,"INMU, N126","ซอสปรุงรส  (protein<10กรัม),ต่อ100 มล.",152.0,5.47,0.0,32.5,8.0,
2,ก๋วยเตี๋ยวเรือหมู,1. เส้น/ก๋วยเตี๋ยว,,"INMU, K28",กะทิ ยูเอชที กล่อง,193.0,2.06,18.05,5.6,13.0,
2,ก๋วยเตี๋ยวเรือหมู,1. เส้น/ก๋วยเตี๋ยว,,"INMU, N140",ซีอิ๊วดำ สูตร 4 (ซอสจากกากน้ำตาลและถั่วเหลือง),226.0,1.95,0.0,54.65,9.0,
2,ก๋วยเตี๋ยวเรือหมู,1. เส้น/ก๋วยเตี๋ยว,,"INMU, C58",เต้าหู้ยี้,129.0,11.21,5.29,9.23,17.0,
2,ก๋วยเตี๋ยวเรือหมู,1. เส้น/ก๋วยเตี๋ยว,,"INMU, F126",หมู เลือด ดิบ,42.0,10.5,0.0,0.0,30.0,
2,ก๋วยเตี๋ยวเรือหมู,1. เส้น/ก๋วยเตี๋ยว,พริกป่น,–,พริกป่น,314.0,12.8,17.0,56.6,2.0,
2,ก๋วยเตี๋ยวเรือหมู,1. เส้น/ก๋วยเตี๋ยว,น้ำตาลปี๊บ,"INMU, M7",น้ำตาลปี๊บ ผสม,376.0,0.0,0.0,93.88,3.0,
3,ผัดไทยห่อไข่กุ้ง*,1. เส้น/ก๋วยเตี๋ยว,เส้นจันท์,"INMU, A5","ก๋วยเตี๋ยวเส้นเล็ก, อบ/ตาก, แห้ง (เส้นจันท์)",349.0,5.45,0.3,81.1,64.5,
3,ผัดไทยห่อไข่กุ้ง,1. เส้น/ก๋วยเตี๋ยว,ไข่ (ห่อนอก),"INMU, H19",ไข่ไก่ ทั้งฟอง ดิบ,133.0,13.02,8.33,1.59,50.0,
3,ผัดไทยห่อไข่กุ้ง,1. เส้น/ก๋วยเตี๋ยว,กุ้ง,–,กุ้ง,85.0,20.1,0.9,0.0,60.0,
3,ผัดไทยห่อไข่กุ้ง,1. เส้น/ก๋วยเตี๋ยว,ถั่วงอก,–,ถั่วงอก,30.0,3.0,0.2,5.9,50.0,
3,ผัดไทยห่อไข่กุ้ง,1. เส้น/ก๋วยเตี๋ยว,ใบกุยช่าย,–,ใบกุยช่าย,30.0,2.1,0.6,4.6,10.0,
3,ผัดไทยห่อไข่กุ้ง,1. เส้น/ก๋วยเตี๋ยว,ถั่วลิสงป่น,"INMU, C106","ถั่วลิสง, คั่ว, ไม่รวมเยื่อหุ้มเมล็ด",626.0,26.38,48.65,20.6,10.0,
3,ผัดไทยห่อไข่กุ้ง,1. เส้น/ก๋วยเตี๋ยว,น้ำมะขามเปียก,–,น้ำมะขามเปียก,50.0,0.4,0.1,12.0,16.0,
3,ผัดไทยห่อไข่กุ้ง,1. เส้น/ก๋วยเตี๋ยว,น้ำตาลปี๊บ,"INMU, M7",น้ำตาลปี๊บ ผสม,376.0,0.0,0.0,93.88,4.0,
3,ผัดไทยห่อไข่กุ้ง,1. เส้น/ก๋วยเตี๋ยว,,"INMU, N1",กระเทียม หัว แห้ง,134.0,6.3,0.21,26.73,5.0,
3,ผัดไทยห่อไข่กุ้ง,1. เส้น/ก๋วยเตี๋ยว,,"INMU, K21",น้ำมันปาล์มโอเลอิน ผ่านกรรมวิธี ต่อ 100 มล.,829.0,0.0,91.33,0.0,12.0,
3,ผัดไทยห่อไข่กุ้ง,1. เส้น/ก๋วยเตี๋ยว,น้ำปลา,–,น้ำปลา,35.0,5.0,0.0,3.6,10.0,
3,ผัดไทยห่อไข่กุ้ง,1. เส้น/ก๋วยเตี๋ยว,หัวไชโป๊,"INMU, D259",หัวผักกาด แห้ง หวาน (ไชโป๊วหวาน),131.0,0.9,0.3,31.1,10.0,
4,สุกี้แห้งหมู*,1. เส้น/ก๋วยเตี๋ยว,วุ้นเส้น,"INMU, C77","วุ้นเส้น, ถั่วเขียว 100 %, แห้ง",365.0,0.14,0.2,90.66,44.0,
4,สุกี้แห้งหมู,1. เส้น/ก๋วยเตี๋ยว,หมู,"INMU, F75","หมู, เนื้อ, ดิบ",124.0,21.13,3.97,0.91,60.0,
4,สุกี้แห้งหมู,1. เส้น/ก๋วยเตี๋ยว,ไข่,"INMU, H19",ไข่ไก่ ทั้งฟอง ดิบ,133.0,13.02,8.33,1.59,50.0,
4,สุกี้แห้งหมู,1. เส้น/ก๋วยเตี๋ยว,ผักกาดขาว,"INMU, D70","ผักกาดขาวใบเขียว, ดิบ",14.0,1.3,0.2,1.63,25.0,
4,สุกี้แห้งหมู,1. เส้น/ก๋วยเตี๋ยว,คะน้า,–,คะน้า (Chinese kale),26.0,2.8,0.5,3.6,25.0,
4,สุกี้แห้งหมู,1. เส้น/ก๋วยเตี๋ยว,ซอสสุกี้ยากี้,"INMU, N147",น้ำจิ้มสุกี้,140.0,2.73,2.17,27.36,36.0,
4,สุกี้แห้งหมู,1. เส้น/ก๋วยเตี๋ยว,,"INMU, K21",น้ำมันปาล์มโอเลอิน ผ่านกรรมวิธี ต่อ 100 มล.,829.0,0.0,91.33,0.0,6.0,
4,สุกี้แห้งหมู,1. เส้น/ก๋วยเตี๋ยว,กระเทียมเจียว,"INMU, N1",กระเทียม หัว แห้ง,134.0,6.3,0.21,26.73,5.0,
5,ราดหน้าหมู*,1. เส้น/ก๋วยเตี๋ยว,เส้นใหญ่ (ลวก,A4,"ก๋วยเตี๋ยวเส้นใหญ่, สด",155.0,2.87,1.71,32.3,150.0,
5,ราดหน้าหมู,1. เส้น/ก๋วยเตี๋ยว,หมู,"INMU, F75","หมู, เนื้อ, ดิบ",124.0,21.13,3.97,0.91,60.0,
5,ราดหน้าหมู,1. เส้น/ก๋วยเตี๋ยว,คะน้า,–,คะน้า (Chinese kale),26.0,2.8,0.5,3.6,50.0,
5,ราดหน้าหมู,1. เส้น/ก๋วยเตี๋ยว,ซอสปรุงรสผสม+ซีอิ๊วขาว+ซอสหอยนางรม,"INMU, N126","ซอสปรุงรส  (protein<10กรัม),ต่อ100 มล.",152.0,5.47,0.0,32.5,7.0,
5,ราดหน้าหมู,1. เส้น/ก๋วยเตี๋ยว,,"INMU, N136",ซีอิ๊วขาว (ไม่ระบุเกรด),37.7,4.24,0.0,5.18,7.0,
5,ราดหน้าหมู,1. เส้น/ก๋วยเตี๋ยว,,"INMU, N60",ซอสหอยนางรม,61.0,2.65,0.07,12.73,7.0,
5,ราดหน้าหมู,1. เส้น/ก๋วยเตี๋ยว,,"INMU, K21",น้ำมันปาล์มโอเลอิน ผ่านกรรมวิธี ต่อ 100 มล.,829.0,0.0,91.33,0.0,6.0,
5,ราดหน้าหมู,1. เส้น/ก๋วยเตี๋ยว,กระเทียม,"INMU, N1",กระเทียม หัว แห้ง,134.0,6.3,0.21,26.73,4.0,
5,ราดหน้าหมู,1. เส้น/ก๋วยเตี๋ยว,แป้งมันราดข้น,–,แป้งมัน,357.0,0.2,0.0,88.0,7.0,
6,เย็นตาโฟ,1. เส้น/ก๋วยเตี๋ยว,เส้นใหญ่,A4,"ก๋วยเตี๋ยวเส้นใหญ่, สด",155.0,2.87,1.71,32.3,150.0,
6,เย็นตาโฟ,1. เส้น/ก๋วยเตี๋ยว,ลูกชิ้นปลา,–,ลูกชิ้นปลา,95.0,12.0,2.0,6.0,30.0,
6,เย็นตาโฟ,1. เส้น/ก๋วยเตี๋ยว,เต้าหู้ขาว,"INMU, C47","เต้าหู้ขาว, ชนิดอ่อน, บรรจุกล่อง",60.0,6.36,3.06,1.9,45.0,
6,เย็นตาโฟ,1. เส้น/ก๋วยเตี๋ยว,ผักบุ้ง,–,ผักบุ้ง,19.0,2.6,0.2,3.1,50.0,
6,เย็นตาโฟ,1. เส้น/ก๋วยเตี๋ยว,น้ำซุปซอสเย็นตาโฟ (สีชมพู),เนคเทค ส่งวิเคราะห์ ฐานข้อมูล ThaiSchoolLunch,ซอสเย็นตาโฟ ผสมหลายยี่ห้อ,70.0,0.98,1.1,14.1,30.0,
7,ขนมจีนน้ำเงี้ยว*,1. เส้น/ก๋วยเตี๋ยว,ขนมจีน,A8,ขนมจีน,103.0,1.43,0.31,23.72,150.0,
7,ขนมจีนน้ำเงี้ยว,1. เส้น/ก๋วยเตี๋ยว,เนื้อ,"INMU, F72",หมู ซี่โครง ดิบ,208.0,18.9,14.7,0.0,45.0,
7,ขนมจีนน้ำเงี้ยว,1. เส้น/ก๋วยเตี๋ยว,,"INMU, F101",หมู สับ ดิบ,229.0,18.2,17.0,0.0,15.0,
7,ขนมจีนน้ำเงี้ยว,1. เส้น/ก๋วยเตี๋ยว,เลือดหมู,"INMU, F81",หมู เลือด ต้ม,49.0,12.07,0.07,0.0,20.0,
7,ขนมจีนน้ำเงี้ยว,1. เส้น/ก๋วยเตี๋ยว,มะเขือเทศ,"INMU, D119",มะเขือเทศสีดา ดิบ,22.0,1.0,0.31,4.63,30.0,
7,ขนมจีนน้ำเงี้ยว,1. เส้น/ก๋วยเตี๋ยว,ดอกงิ้วแห้ง,กรมอนามัย 04039,งิ้วแดง ดอก แห้ง,257.0,6.6,1.4,54.6,5.0,
7,ขนมจีนน้ำเงี้ยว,1. เส้น/ก๋วยเตี๋ยว,ถั่วเน่า,"INMU, C25",ถั่วเน่า สด,167.0,17.9,6.6,9.1,10.0,
7,ขนมจีนน้ำเงี้ยว,1. เส้น/ก๋วยเตี๋ยว,,–,ถั่วงอก,30.0,3.0,0.2,5.9,25.0,
7,ขนมจีนน้ำเงี้ยว,1. เส้น/ก๋วยเตี๋ยว,,D10,"กะหล่ำปลี, ดิบ",25.0,1.45,0.17,5.8,50.0,
7,ขนมจีนน้ำเงี้ยว,1. เส้น/ก๋วยเตี๋ยว,พริกแกงเงี้ยว,–,พริกแกงเงี้ยว,95.0,3.0,2.5,14.0,25.0,
8,ก๋วยจั๊บ*,1. เส้น/ก๋วยเตี๋ยว,เส้นก๋วยจั๊บ (แผ่นม้วน),"INMU, A43",ก๋วยจั๊บ เส้น ต้มสุก,133.0,1.67,0.08,31.5,150.0,
8,ก๋วยจั๊บ,1. เส้น/ก๋วยเตี๋ยว,หมูสามชั้น,F69,"หมู, สามชั้น, ดิบ",363.0,14.23,34.07,0.0,30.0,
8,ก๋วยจั๊บ,1. เส้น/ก๋วยเตี๋ยว,เต้าหู้,"INMU, C53",เต้าหู้พวง ทอด,430.0,25.23,31.96,10.26,8.0,
8,ก๋วยจั๊บ,1. เส้น/ก๋วยเตี๋ยว,,"INMU, F76",หมู ตับ ดิบ,124.0,20.23,3.84,2.09,15.0,
8,ก๋วยจั๊บ,1. เส้น/ก๋วยเตี๋ยว,,"INMU, F81",หมู เลือด ต้ม,49.0,12.07,0.07,0.0,15.0,
8,ก๋วยจั๊บ,1. เส้น/ก๋วยเตี๋ยว,,"INMU, H19",ไข่ไก่ ทั้งฟอง ดิบ,133.0,13.02,8.33,1.59,25.0,
8,ก๋วยจั๊บ,1. เส้น/ก๋วยเตี๋ยว,น้ำซุป,"INMU, N42",อบเชย,329.0,3.3,1.0,76.6,0.0,
8,ก๋วยจั๊บ,1. เส้น/ก๋วยเตี๋ยว,น้ำซุป,"INMU, N1",กระเทียม หัว แห้ง,134.0,6.3,0.21,26.73,0.0,
8,ก๋วยจั๊บ,1. เส้น/ก๋วยเตี๋ยว,น้ำซุป,"INMU, N20",ผักชีราก,57.32,1.7,0.2,12.18,0.0,
8,ก๋วยจั๊บ,1. เส้น/ก๋วยเตี๋ยว,น้ำซุป,"INMU, N27",พริกไทย ขาว,378.0,11.35,6.5,68.6,2.0,
8,ก๋วยจั๊บ,1. เส้น/ก๋วยเตี๋ยว,น้ำซุป,"INMU, N136",ซีอิ๊วขาว (ไม่ระบุเกรด),37.7,4.24,0.0,5.18,9.0,
8,ก๋วยจั๊บ,1. เส้น/ก๋วยเตี๋ยว,น้ำซุป,–,เกลือ,0.0,0.0,0.0,0.0,2.0,
8,ก๋วยจั๊บ,1. เส้น/ก๋วยเตี๋ยว,น้ำซุป,กรมอนามัย 10021,พะโล้ ผง,276.0,1.9,8.3,48.3,2.0,
8,ก๋วยจั๊บ,1. เส้น/ก๋วยเตี๋ยว,น้ำซุป,–,น้ำตาลทราย,387.0,0.0,0.0,100.0,3.0,
8,ก๋วยจั๊บ,1. เส้น/ก๋วยเตี๋ยว,น้ำซุป,"INMU, N140",ซีอิ๊วดำ สูตร 4 (ซอสจากกากน้ำตาลและถั่วเหลือง),226.0,1.95,0.0,54.65,5.0,
8,ก๋วยจั๊บ,1. เส้น/ก๋วยเตี๋ยว,น้ำซุป,"INMU, N60",ซอสหอยนางรม,61.0,2.65,0.07,12.73,5.0,
8,ก๋วยจั๊บ,1. เส้น/ก๋วยเตี๋ยว,พริกไทยป่น,"INMU, N27",พริกไทย ขาว,378.0,11.35,6.5,68.6,2.0,
8,ก๋วยจั๊บ,1. เส้น/ก๋วยเตี๋ยว,กระเทียมเจียว,–,กระเทียมเจียว,250.0,7.0,15.0,25.0,2.5,
9,ผัดไทยกุ้ง*,1. เส้น/ก๋วยเตี๋ยว,เส้นจันท์,"INMU, A5","ก๋วยเตี๋ยวเส้นเล็ก, อบ/ตาก, แห้ง (เส้นจันท์)",349.0,5.45,0.3,81.1,64.5,
9,ผัดไทยกุ้ง,1. เส้น/ก๋วยเตี๋ยว,ไข่,"INMU, H19",ไข่ไก่ ทั้งฟอง ดิบ,133.0,13.02,8.33,1.59,50.0,
9,ผัดไทยกุ้ง,1. เส้น/ก๋วยเตี๋ยว,กุ้ง,–,กุ้ง,85.0,20.1,0.9,0.0,60.0,
9,ผัดไทยกุ้ง,1. เส้น/ก๋วยเตี๋ยว,ถั่วงอก,–,ถั่วงอก,30.0,3.0,0.2,5.9,50.0,
9,ผัดไทยกุ้ง,1. เส้น/ก๋วยเตี๋ยว,ใบกุยช่าย,–,ใบกุยช่าย,30.0,2.1,0.6,4.6,25.0,
9,ผัดไทยกุ้ง,1. เส้น/ก๋วยเตี๋ยว,ถั่วลิสงป่น,"INMU, C106","ถั่วลิสง, คั่ว, ไม่รวมเยื่อหุ้มเมล็ด",626.0,26.38,48.65,20.6,10.0,
9,ผัดไทยกุ้ง,1. เส้น/ก๋วยเตี๋ยว,น้ำมะขามเปียก,–,น้ำมะขามเปียก,50.0,0.4,0.1,12.0,16.0,
9,ผัดไทยกุ้ง,1. เส้น/ก๋วยเตี๋ยว,น้ำตาลปี๊บ,"INMU, M7",น้ำตาลปี๊บ ผสม,376.0,0.0,0.0,93.88,3.0,
9,ผัดไทยกุ้ง,1. เส้น/ก๋วยเตี๋ยว,,"INMU, K21",น้ำมันปาล์มโอเลอิน ผ่านกรรมวิธี ต่อ 100 มล.,829.0,0.0,91.33,0.0,6.0,
9,ผัดไทยกุ้ง,1. เส้น/ก๋วยเตี๋ยว,,"INMU, N1",กระเทียม หัว แห้ง,134.0,6.3,0.21,26.73,5.0,
9,ผัดไทยกุ้ง,1. เส้น/ก๋วยเตี๋ยว,น้ำปลา,–,น้ำปลา,35.0,5.0,0.0,3.6,18.0,
9,ผัดไทยกุ้ง,1. เส้น/ก๋วยเตี๋ยว,หัวไชโป๊,"INMU, D259",หัวผักกาด แห้ง หวาน (ไชโป๊วหวาน),131.0,0.9,0.3,31.1,10.0,
10,ข้าวซอยไก่*,1. เส้น/ก๋วยเตี๋ยว,เส้นข้าวซอย (เส้นต้ม+เส้นทอด),"INMU, A73",บะหมี่ เส้นแบน ทอด,584.0,8.4,40.73,46.0,18.0,
10,ข้าวซอยไก่,1. เส้น/ก๋วยเตี๋ยว,ไก่,"INMU, F11",ไก่ น่อง ดิบ,135.0,18.55,6.66,0.14,60.0,
10,ข้าวซอยไก่,1. เส้น/ก๋วยเตี๋ยว,กะทิ,"INMU, K28",กะทิ ยูเอชที กล่อง,193.0,2.06,18.05,5.6,30.0,
10,ข้าวซอยไก่,1. เส้น/ก๋วยเตี๋ยว,พริกแกงข้าวซอย,–,พริกแกงข้าวซอย,95.0,3.0,2.5,14.0,25.0,
10,ข้าวซอยไก่,1. เส้น/ก๋วยเตี๋ยว,หอมแดงดอง,–,หอมแดงดอง,60.0,1.0,0.1,14.0,20.0,
10,ข้าวซอยไก่,1. เส้น/ก๋วยเตี๋ยว,ผักกาดดอง,"INMU, D76",ผักกาด ดอง เปรี้ยว,15.0,1.26,0.17,3.47,14.0,
10,ข้าวซอยไก่,1. เส้น/ก๋วยเตี๋ยว,มะนาว,–,น้ำมะนาว,25.0,0.4,0.2,7.9,6.0,
11,แกงจืดหมูสับ,2. แกง/ต้ม,เต้าหู้ขาว,"INMU, C47","เต้าหู้ขาว, ชนิดอ่อน, บรรจุกล่อง",60.0,6.36,3.06,1.9,30.0,
11,แกงจืดหมูสับ,2. แกง/ต้ม,หมูสับ,"INMU, F101",หมู สับ ดิบ,229.0,18.2,17.0,0.7,45.0,
11,แกงจืดหมูสับ,2. แกง/ต้ม,ฟักเขียว,"INMU, D107","ฟักเขียว, ดิบ",20.0,0.42,0.08,4.32,25.0,
11,แกงจืดหมูสับ,2. แกง/ต้ม,แครอท,"INMU, D27","แครอท, ดิบ",37.0,1.61,0.23,7.22,25.0,
11,แกงจืดหมูสับ,2. แกง/ต้ม,ต้นหอม,D30,ต้นหอม,32.0,1.69,0.21,7.3,4.0,
11,แกงจืดหมูสับ,2. แกง/ต้ม,ผักชี,–,ผักชี,23.0,2.1,0.5,3.7,2.0,
11,แกงจืดหมูสับ,2. แกง/ต้ม,น้ำซุป,"INMU, T216",น้ำซุป ขาตั้งหมู,5.0,0.7,0.23,0.0,100.0,
11,แกงจืดหมูสับ,2. แกง/ต้ม,น้ำปลา,–,น้ำปลา,35.0,5.0,0.0,3.6,9.0,
11,แกงจืดหมูสับ,2. แกง/ต้ม,ซีอิ๊ว,"INMU, N136",ซีอิ๊วขาว (ไม่ระบุเกรด),37.7,4.24,0.0,5.18,9.0,
11,แกงจืดหมูสับ,2. แกง/ต้ม,พริกไทย,"INMU, N27",พริกไทย ขาว,378.0,11.35,6.5,68.6,2.0,
12,แกงเขียวหวานไก่,2. แกง/ต้ม,พริกแกงเขียวหวาน,"INMU, N95",น้ำพริกแกงเขียวหวาน,87.0,3.4,0.83,16.42,25.0,
12,แกงเขียวหวานไก่,2. แกง/ต้ม,กะทิ,"INMU, K28",กะทิ ยูเอชที กล่อง,193.0,2.06,18.05,5.6,50.0,
12,แกงเขียวหวานไก่,2. แกง/ต้ม,ไก่,F25,"ไก่, เนื้อ, ดิบ",186.0,17.3,12.4,1.4,60.0,
12,แกงเขียวหวานไก่,2. แกง/ต้ม,มะเขือพวง,"INMU, D122",มะเขือพวง ดิบ,73.0,2.77,0.76,13.87,12.0,
12,แกงเขียวหวานไก่,2. แกง/ต้ม,มะเขือเปราะ,"INMU, D120",มะเขือเปราะ ดิบ,35.0,1.48,0.15,6.93,45.0,
12,แกงเขียวหวานไก่,2. แกง/ต้ม,ใบมะกรูด,"INMU, N35",มะกรูด ใบ,137.0,5.46,3.1,21.71,2.0,
12,แกงเขียวหวานไก่,2. แกง/ต้ม,พริกชี้ฟ้า,–,พริกชี้ฟ้า,40.0,2.0,0.4,8.8,5.0,
12,แกงเขียวหวานไก่,2. แกง/ต้ม,น้ำตาลปี๊บ,"INMU, M7",น้ำตาลปี๊บ ผสม,376.0,0.0,0.0,93.88,3.0,
12,แกงเขียวหวานไก่,2. แกง/ต้ม,น้ำปลา,–,น้ำปลา,35.0,5.0,0.0,3.6,5.0,
13,คั่วกลิ้งหมู*,2. แกง/ต้ม,พริกแห้ง,–,พริกแห้ง,314.0,12.8,17.0,56.6,3.0,
13,คั่วกลิ้งหมู,2. แกง/ต้ม,ตะไคร้,"INMU, N18",ตะไคร้,77.0,0.88,1.31,15.48,8.0,
13,คั่วกลิ้งหมู,2. แกง/ต้ม,ข่า,"INMU, N11",ข่า,35.0,0.69,0.17,7.79,5.0,
13,คั่วกลิ้งหมู,2. แกง/ต้ม,กระเทียม,"INMU, N1",กระเทียม หัว แห้ง,134.0,6.3,0.21,26.73,8.0,
13,คั่วกลิ้งหมู,2. แกง/ต้ม,,"INMU, N8",ขมิ้นชัน,46.0,1.58,0.23,9.42,2.0,
13,คั่วกลิ้งหมู,2. แกง/ต้ม,หอมแดง,–,หอมแดง,72.0,2.5,0.1,16.8,8.0,
13,คั่วกลิ้งหมู,2. แกง/ต้ม,กะปิ,"INMU, N44",กะปิ คุณภาพดี,128.0,24.31,2.47,2.06,3.0,
13,คั่วกลิ้งหมู,2. แกง/ต้ม,หมูสับ,"INMU, F75","หมู, เนื้อ, ดิบ",124.0,21.13,3.97,0.91,60.0,
13,คั่วกลิ้งหมู,2. แกง/ต้ม,ใบมะกรูด,"INMU, N35",มะกรูด ใบ,137.0,5.46,3.1,21.71,2.0,
13,คั่วกลิ้งหมู,2. แกง/ต้ม,น้ำปลา,–,น้ำปลา,35.0,5.0,0.0,3.6,10.0,
13,คั่วกลิ้งหมู,2. แกง/ต้ม,น้ำตาล,–,น้ำตาลทราย,387.0,0.0,0.0,100.0,5.0,
14,ต้มข่าไก่,2. แกง/ต้ม,กะทิ,"INMU, K28",กะทิ ยูเอชที กล่อง,193.0,2.06,18.05,5.6,50.0,
14,ต้มข่าไก่,2. แกง/ต้ม,ข่า,"INMU, N11",ข่า,35.0,0.69,0.17,7.79,10.0,
14,ต้มข่าไก่,2. แกง/ต้ม,ตะไคร้,"INMU, N18",ตะไคร้,77.0,0.88,1.31,15.48,8.0,
14,ต้มข่าไก่,2. แกง/ต้ม,ใบมะกรูด,"INMU, N35",มะกรูด ใบ,137.0,5.46,3.1,21.71,2.0,
14,ต้มข่าไก่,2. แกง/ต้ม,เห็ดฟาง,"INMU, D177",เห็ดฟาง ดิบ,32.0,3.19,0.24,4.19,30.0,
14,ต้มข่าไก่,2. แกง/ต้ม,ไก่,F25,"ไก่, เนื้อ, ดิบ",186.0,17.3,12.4,1.4,60.0,
14,ต้มข่าไก่,2. แกง/ต้ม,พริกขี้หนู,–,พริกขี้หนู,40.0,2.0,0.4,8.8,3.0,
14,ต้มข่าไก่,2. แกง/ต้ม,น้ำปลา,–,น้ำปลา,35.0,5.0,0.0,3.6,10.0,
14,ต้มข่าไก่,2. แกง/ต้ม,น้ำมะนาว,–,น้ำมะนาว,25.0,0.4,0.2,7.9,10.0,
14,ต้มข่าไก่,2. แกง/ต้ม,น้ำตาล,–,น้ำตาลทราย,387.0,0.0,0.0,100.0,5.0,
15,แกงฮังเล,2. แกง/ต้ม,หมูสามชั้น,F69,"หมู, สามชั้น, ดิบ",363.0,14.23,34.07,0.0,60.0,
15,แกงฮังเล,2. แกง/ต้ม,พริกแกงฮังเล,–,พริกแกงฮังเล,95.0,3.0,2.5,14.0,36.0,
15,แกงฮังเล,2. แกง/ต้ม,ขิง,"INMU, N16",ขิง แก่,34.0,1.2,0.6,5.93,12.0,
15,แกงฮังเล,2. แกง/ต้ม,หอมแดง,–,หอมแดง,72.0,2.5,0.1,16.8,8.0,
15,แกงฮังเล,2. แกง/ต้ม,กระเทียม,"INMU, N1",กระเทียม หัว แห้ง,134.0,6.3,0.21,26.73,4.0,
15,แกงฮังเล,2. แกง/ต้ม,น้ำมะขามเปียก,–,น้ำมะขามเปียก,50.0,0.4,0.1,12.0,10.0,
15,แกงฮังเล,2. แกง/ต้ม,น้ำตาลปี๊บ,"INMU, M7",น้ำตาลปี๊บ ผสม,376.0,0.0,0.0,93.88,3.0,
15,แกงฮังเล,2. แกง/ต้ม,ซีอิ๊วดำ,"INMU, N136",ซีอิ๊วขาว (ไม่ระบุเกรด),37.7,4.24,0.0,5.18,10.0,
16,แกงคั่วหอย,2. แกง/ต้ม,หอยแครง,"INMU, G169","หอยแครง, ดิบ",68.0,11.26,0.98,3.51,60.0,
16,แกงคั่วหอย,2. แกง/ต้ม,พริกแกงคั่ว,–,พริกแกงคั่ว,100.0,3.0,3.0,15.0,36.0,
16,แกงคั่วหอย,2. แกง/ต้ม,กะทิ,"INMU, K28",กะทิ ยูเอชที กล่อง,193.0,2.06,18.05,5.6,50.0,
16,แกงคั่วหอย,2. แกง/ต้ม,สับปะรด,–,สับปะรด,50.0,0.5,0.1,13.1,50.0,
16,แกงคั่วหอย,2. แกง/ต้ม,ใบมะกรูด,"INMU, N35",มะกรูด ใบ,137.0,5.46,3.1,21.71,2.0,
16,แกงคั่วหอย,2. แกง/ต้ม,พริกชี้ฟ้า,–,พริกชี้ฟ้า,40.0,2.0,0.4,8.8,5.0,
16,แกงคั่วหอย,2. แกง/ต้ม,น้ำปลา,–,น้ำปลา,35.0,5.0,0.0,3.6,10.0,
16,แกงคั่วหอย,2. แกง/ต้ม,น้ำตาล,–,น้ำตาลทราย,387.0,0.0,0.0,100.0,5.0,
17,แกงป่าหมู*,2. แกง/ต้ม,พริกแห้ง,–,พริกแห้ง,314.0,12.8,17.0,56.6,3.0,
17,แกงป่าหมู,2. แกง/ต้ม,ตะไคร้,"INMU, N18",ตะไคร้,77.0,0.88,1.31,15.48,8.0,
17,แกงป่าหมู,2. แกง/ต้ม,ข่า,"INMU, N11",ข่า,35.0,0.69,0.17,7.79,5.0,
17,แกงป่าหมู,2. แกง/ต้ม,กระเทียม,"INMU, N1",กระเทียม หัว แห้ง,134.0,6.3,0.21,26.73,4.0,
17,แกงป่าหมู,2. แกง/ต้ม,หอมแดง,–,หอมแดง,72.0,2.5,0.1,16.8,8.0,
17,แกงป่าหมู,2. แกง/ต้ม,กะปิ,"INMU, N44",กะปิ คุณภาพดี,128.0,24.31,2.47,2.06,3.0,
17,แกงป่าหมู,2. แกง/ต้ม,,"INMU, K21",น้ำมันปาล์มโอเลอิน ผ่านกรรมวิธี ต่อ 100 มล.,829.0,0.0,91.33,0.0,6.0,
17,แกงป่าหมู,2. แกง/ต้ม,หมู,"INMU, F75","หมู, เนื้อ, ดิบ",124.0,21.13,3.97,0.91,60.0,
17,แกงป่าหมู,2. แกง/ต้ม,ถั่วฝักยาว,"INMU, D44",ถั่วฝักยาว ดิบ,38.0,2.55,0.28,6.28,50.0,
17,แกงป่าหมู,2. แกง/ต้ม,มะเขือ,"INMU, D120",มะเขือเปราะ ดิบ,35.0,1.48,0.15,6.93,30.0,
17,แกงป่าหมู,2. แกง/ต้ม,ใบมะกรูด,"INMU, N35",มะกรูด ใบ,137.0,5.46,3.1,21.71,2.0,
17,แกงป่าหมู,2. แกง/ต้ม,น้ำปลา,–,น้ำปลา,35.0,5.0,0.0,3.6,10.0,
18,แกงส้มปลา,2. แกง/ต้ม,พริกแห้ง,–,พริกแห้ง,314.0,12.8,17.0,56.6,3.0,
18,แกงส้มปลา,2. แกง/ต้ม,หอมแดง,–,หอมแดง,72.0,2.5,0.1,16.8,8.0,
18,แกงส้มปลา,2. แกง/ต้ม,กะปิ,"INMU, N44",กะปิ คุณภาพดี,128.0,24.31,2.47,2.06,5.0,
18,แกงส้มปลา,2. แกง/ต้ม,ปลา,G100,"ปลาเนื้ออ่อน, สด",83.0,15.98,1.96,0.34,60.0,
18,แกงส้มปลา,2. แกง/ต้ม,มะละกอ,"INMU, D134","มะละกอ, ดิบ",25.0,0.62,0.1,5.38,50.0,
18,แกงส้มปลา,2. แกง/ต้ม,น้ำมะขามเปียก,–,น้ำมะขามเปียก,50.0,0.4,0.1,12.0,18.0,
18,แกงส้มปลา,2. แกง/ต้ม,น้ำปลา,–,น้ำปลา,35.0,5.0,0.0,3.6,10.0,
18,แกงส้มปลา,2. แกง/ต้ม,น้ำตาล,–,น้ำตาลทราย,387.0,0.0,0.0,100.0,5.0,
19,แกงเหลืองปลา,2. แกง/ต้ม,พริกแห้ง,–,พริกแห้ง,314.0,12.8,17.0,56.6,3.0,
19,แกงเหลืองปลา,2. แกง/ต้ม,ขมิ้น,"INMU, N8",ขมิ้นชัน,46.0,1.58,0.23,9.42,2.0,
19,แกงเหลืองปลา,2. แกง/ต้ม,หอมแดง,–,หอมแดง,72.0,2.5,0.1,16.8,8.0,
19,แกงเหลืองปลา,2. แกง/ต้ม,กะปิ,"INMU, N44",กะปิ คุณภาพดี,128.0,24.31,2.47,2.06,5.0,
19,แกงเหลืองปลา,2. แกง/ต้ม,ปลา,G100,"ปลาเนื้ออ่อน, สด",83.0,15.98,1.96,0.34,60.0,
19,แกงเหลืองปลา,2. แกง/ต้ม,มะละกอ,"INMU, D134","มะละกอ, ดิบ",25.0,0.62,0.1,5.38,50.0,
19,แกงเหลืองปลา,2. แกง/ต้ม,น้ำปลา,–,น้ำปลา,35.0,5.0,0.0,3.6,10.0,
19,แกงเหลืองปลา,2. แกง/ต้ม,น้ำมะขาม,–,น้ำมะขาม,50.0,0.4,0.1,12.0,10.0,
19,แกงเหลืองปลา,2. แกง/ต้ม,น้ำตาล,–,น้ำตาลทราย,387.0,0.0,0.0,100.0,5.0,
20,ห่อหมกปลา,2. แกง/ต้ม,เนื้อปลา,G100,"ปลาเนื้ออ่อน, สด",83.0,15.98,1.96,0.34,60.0,
20,ห่อหมกปลา,2. แกง/ต้ม,พริกแกงแดง,–,พริกแกงแดง,100.0,3.0,3.0,15.0,18.0,
20,ห่อหมกปลา,2. แกง/ต้ม,กะทิ,"INMU, K28",กะทิ ยูเอชที กล่อง,193.0,2.06,18.05,5.6,50.0,
20,ห่อหมกปลา,2. แกง/ต้ม,ไข่,"INMU, H19",ไข่ไก่ ทั้งฟอง ดิบ,133.0,13.02,8.33,1.59,50.0,
20,ห่อหมกปลา,2. แกง/ต้ม,ใบชะพลู,–,ใบชะพลู,40.0,3.0,0.5,7.0,5.0,
20,ห่อหมกปลา,2. แกง/ต้ม,ใบมะกรูด,"INMU, N35",มะกรูด ใบ,137.0,5.46,3.1,21.71,2.0,
20,ห่อหมกปลา,2. แกง/ต้ม,พริกชี้ฟ้า,–,พริกชี้ฟ้า,40.0,2.0,0.4,8.8,5.0,
20,ห่อหมกปลา,2. แกง/ต้ม,น้ำปลา,–,น้ำปลา,35.0,5.0,0.0,3.6,10.0,
20,ห่อหมกปลา,2. แกง/ต้ม,น้ำตาล,–,น้ำตาลทราย,387.0,0.0,0.0,100.0,5.0,
21,ไก่ผัดเม็ดมะม่วงหิมพานต์,3. ผัด,ไก่,F25,"ไก่, เนื้อ, ดิบ",186.0,17.3,12.4,1.4,60.0,
21,ไก่ผัดเม็ดมะม่วงหิมพานต์,3. ผัด,เม็ดมะม่วงหิมพานต์,–,เม็ดมะม่วงหิมพานต์,553.0,18.2,43.8,30.2,18.0,
21,ไก่ผัดเม็ดมะม่วงหิมพานต์,3. ผัด,พริกหยวก,–,พริกหยวก,31.0,1.0,0.3,6.0,18.0,
21,ไก่ผัดเม็ดมะม่วงหิมพานต์,3. ผัด,หัวหอม,"INMU, D348",หอมหัวใหญ่,32.0,1.12,0.09,6.79,25.0,
21,ไก่ผัดเม็ดมะม่วงหิมพานต์,3. ผัด,พริกแห้ง,–,พริกแห้ง,314.0,12.8,17.0,56.6,3.0,
21,ไก่ผัดเม็ดมะม่วงหิมพานต์,3. ผัด,ซอสหอยนางรม,"INMU, N60",ซอสหอยนางรม,61.0,2.65,0.07,12.73,10.0,
21,ไก่ผัดเม็ดมะม่วงหิมพานต์,3. ผัด,ซีอิ๊วดำ,"INMU, N136",ซีอิ๊วขาว (ไม่ระบุเกรด),37.7,4.24,0.0,5.18,10.0,
21,ไก่ผัดเม็ดมะม่วงหิมพานต์,3. ผัด,น้ำตาล,–,น้ำตาลทราย,387.0,0.0,0.0,100.0,5.0,
21,ไก่ผัดเม็ดมะม่วงหิมพานต์,3. ผัด,น้ำมัน,"INMU, K21",น้ำมันปาล์มโอเลอิน ผ่านกรรมวิธี ต่อ 100 มล.,829.0,0.0,91.33,0.0,6.0,
22,ผัดพริกแกงหมู,3. ผัด,พริกแกงแดง,–,พริกแกงแดง,100.0,3.0,3.0,15.0,18.0,
22,ผัดพริกแกงหมู,3. ผัด,หมู,"INMU, F75","หมู, เนื้อ, ดิบ",124.0,21.13,3.97,0.91,60.0,
22,ผัดพริกแกงหมู,3. ผัด,ถั่วฝักยาว,"INMU, D44",ถั่วฝักยาว ดิบ,38.0,2.55,0.28,6.28,50.0,
22,ผัดพริกแกงหมู,3. ผัด,ใบมะกรูด,"INMU, N35",มะกรูด ใบ,137.0,5.46,3.1,21.71,2.0,
22,ผัดพริกแกงหมู,3. ผัด,น้ำปลา,–,น้ำปลา,35.0,5.0,0.0,3.6,10.0,
22,ผัดพริกแกงหมู,3. ผัด,น้ำตาล,–,น้ำตาลทราย,387.0,0.0,0.0,100.0,5.0,
22,ผัดพริกแกงหมู,3. ผัด,น้ำมัน,"INMU, K21",น้ำมันปาล์มโอเลอิน ผ่านกรรมวิธี ต่อ 100 มล.,829.0,0.0,91.33,0.0,6.0,
23,ผัดพริกไทยดำไก่*,3. ผัด,ไก่,F25,"ไก่, เนื้อ, ดิบ",186.0,17.3,12.4,1.4,60.0,
23,ผัดพริกไทยดำไก่,3. ผัด,พริกไทยดำเม็ดสด,–,พริกไทยดำ,251.0,10.4,3.3,63.7,2.0,
23,ผัดพริกไทยดำไก่,3. ผัด,กระเทียม,"INMU, N1",กระเทียม หัว แห้ง,134.0,6.3,0.21,26.73,5.0,
23,ผัดพริกไทยดำไก่,3. ผัด,,"INMU, D348",หอมหัวใหญ่,32.0,1.12,0.09,6.79,10.0,
23,ผัดพริกไทยดำไก่,3. ผัด,,–,พริกชี้ฟ้า,40.0,2.0,0.4,8.8,10.0,
23,ผัดพริกไทยดำไก่,3. ผัด,ซอสหอยนางรม,"INMU, N60",ซอสหอยนางรม,61.0,2.65,0.07,12.73,10.0,
23,ผัดพริกไทยดำไก่,3. ผัด,ซีอิ๊วดำ,"INMU, N136",ซีอิ๊วขาว (ไม่ระบุเกรด),37.7,4.24,0.0,5.18,10.0,
23,ผัดพริกไทยดำไก่,3. ผัด,น้ำตาล,–,น้ำตาลทราย,387.0,0.0,0.0,100.0,5.0,
23,ผัดพริกไทยดำไก่,3. ผัด,น้ำมัน,"INMU, K21",น้ำมันปาล์มโอเลอิน ผ่านกรรมวิธี ต่อ 100 มล.,829.0,0.0,91.33,0.0,6.0,
24,ผัดคะน้าหมู,3. ผัด,คะน้า,–,คะน้า (Chinese kale),26.0,2.8,0.5,3.6,50.0,
24,ผัดคะน้าหมู,3. ผัด,หมู,"INMU, F75","หมู, เนื้อ, ดิบ",124.0,21.13,3.97,0.91,60.0,
24,ผัดคะน้าหมู,3. ผัด,กระเทียม,"INMU, N1",กระเทียม หัว แห้ง,134.0,6.3,0.21,26.73,5.0,
24,ผัดคะน้าหมู,3. ผัด,น้ำมันหอย,"INMU, N60",ซอสหอยนางรม,61.0,2.65,0.07,12.73,10.0,
24,ผัดคะน้าหมู,3. ผัด,ซีอิ๊วขาว,"INMU, N136",ซีอิ๊วขาว (ไม่ระบุเกรด),37.7,4.24,0.0,5.18,10.0,
24,ผัดคะน้าหมู,3. ผัด,น้ำตาล,–,น้ำตาลทราย,387.0,0.0,0.0,100.0,5.0,
24,ผัดคะน้าหมู,3. ผัด,น้ำมัน,"INMU, K21",น้ำมันปาล์มโอเลอิน ผ่านกรรมวิธี ต่อ 100 มล.,829.0,0.0,91.33,0.0,6.0,
24,ผัดคะน้าหมู,3. ผัด,พริกไทย,"INMU, N27",พริกไทย ขาว,378.0,11.35,6.5,68.6,2.0,
25,ผัดผักบุ้งไฟแดง,3. ผัด,ผักบุ้ง,–,ผักบุ้ง,19.0,2.6,0.2,3.1,50.0,
25,ผัดผักบุ้งไฟแดง,3. ผัด,กระเทียม,"INMU, N1",กระเทียม หัว แห้ง,134.0,6.3,0.21,26.73,5.0,
25,ผัดผักบุ้งไฟแดง,3. ผัด,พริกขี้หนู,–,พริกขี้หนู,40.0,2.0,0.4,8.8,3.0,
25,ผัดผักบุ้งไฟแดง,3. ผัด,เต้าเจี้ยว,C43,เต้าเจี้ยวขาว,107.0,10.73,3.66,7.77,17.0,
25,ผัดผักบุ้งไฟแดง,3. ผัด,น้ำมันหอย,"INMU, N60",ซอสหอยนางรม,61.0,2.65,0.07,12.73,10.0,
25,ผัดผักบุ้งไฟแดง,3. ผัด,ซีอิ๊วขาว,"INMU, N136",ซีอิ๊วขาว (ไม่ระบุเกรด),37.7,4.24,0.0,5.18,10.0,
25,ผัดผักบุ้งไฟแดง,3. ผัด,น้ำตาล,–,น้ำตาลทราย,387.0,0.0,0.0,100.0,5.0,
25,ผัดผักบุ้งไฟแดง,3. ผัด,น้ำมัน,"INMU, K21",น้ำมันปาล์มโอเลอิน ผ่านกรรมวิธี ต่อ 100 มล.,829.0,0.0,91.33,0.0,6.0,
26,กะหล่ำปลีผัดน้ำปลา,3. ผัด,กะหล่ำปลี,D10,"กะหล่ำปลี, ดิบ",25.0,1.45,0.17,5.8,50.0,
26,กะหล่ำปลีผัดน้ำปลา,3. ผัด,กระเทียม,"INMU, N1",กระเทียม หัว แห้ง,134.0,6.3,0.21,26.73,5.0,
26,กะหล่ำปลีผัดน้ำปลา,3. ผัด,น้ำปลา,–,น้ำปลา,35.0,5.0,0.0,3.6,10.0,
26,กะหล่ำปลีผัดน้ำปลา,3. ผัด,น้ำตาล,–,น้ำตาลทราย,387.0,0.0,0.0,100.0,5.0,
26,กะหล่ำปลีผัดน้ำปลา,3. ผัด,น้ำมัน,"INMU, K21",น้ำมันปาล์มโอเลอิน ผ่านกรรมวิธี ต่อ 100 มล.,829.0,0.0,91.33,0.0,6.0,
26,กะหล่ำปลีผัดน้ำปลา,3. ผัด,พริกไทย,"INMU, N27",พริกไทย ขาว,378.0,11.35,6.5,68.6,2.0,
27,ผัดกะเพราหมูสับ,3. ผัด,หมูสับ,"INMU, F75","หมู, เนื้อ, ดิบ",124.0,21.13,3.97,0.91,60.0,
27,ผัดกะเพราหมูสับ,3. ผัด,ใบกะเพรา,"INMU, N3",กระเพรา ใบ,50.0,3.27,0.45,8.14,15.0,
27,ผัดกะเพราหมูสับ,3. ผัด,พริกขี้หนู,–,พริกขี้หนู,40.0,2.0,0.4,8.8,3.0,
27,ผัดกะเพราหมูสับ,3. ผัด,กระเทียม,"INMU, N1",กระเทียม หัว แห้ง,134.0,6.3,0.21,26.73,5.0,
27,ผัดกะเพราหมูสับ,3. ผัด,น้ำปลา,–,น้ำปลา,35.0,5.0,0.0,3.6,10.0,
27,ผัดกะเพราหมูสับ,3. ผัด,น้ำมันหอย,"INMU, N60",ซอสหอยนางรม,61.0,2.65,0.07,12.73,10.0,
27,ผัดกะเพราหมูสับ,3. ผัด,น้ำตาล,–,น้ำตาลทราย,387.0,0.0,0.0,100.0,5.0,
27,ผัดกะเพราหมูสับ,3. ผัด,น้ำมัน,"INMU, K21",น้ำมันปาล์มโอเลอิน ผ่านกรรมวิธี ต่อ 100 มล.,829.0,0.0,91.33,0.0,6.0,
27,ผัดกะเพราหมูสับ,3. ผัด,ข้าวสวย,"INMU, S1","ข้าว, ขาว, สุก",130.0,2.4,0.3,28.6,180.0,
28,ปูผัดผงกะหรี่,3. ผัด,ปูทะเล,"INMU, G156","ปูทะเล, เนื้อ",92.0,17.32,2.54,0.0,60.0,
28,ปูผัดผงกะหรี่,3. ผัด,ผงกะหรี่,–,ผงกะหรี่,325.0,14.3,14.6,55.8,5.0,
28,ปูผัดผงกะหรี่,3. ผัด,ไข่,"INMU, H19",ไข่ไก่ ทั้งฟอง ดิบ,133.0,13.02,8.33,1.59,50.0,
28,ปูผัดผงกะหรี่,3. ผัด,กระเทียม,"INMU, N1",กระเทียม หัว แห้ง,134.0,6.3,0.21,26.73,5.0,
28,ปูผัดผงกะหรี่,3. ผัด,หัวหอม,"INMU, D348",หอมหัวใหญ่,32.0,1.12,0.09,6.79,45.0,
28,ปูผัดผงกะหรี่,3. ผัด,คื่นฉ่าย,"INMU, D86","ผักคื่นช่าย, ดิบ",26.0,1.55,0.18,4.56,15.0,
28,ปูผัดผงกะหรี่,3. ผัด,นม,"INMU, J45",นมยูเอชที รสธรรมชาติ ต่อ 100 มล.,71.0,3.2,3.74,6.1,50.0,
28,ปูผัดผงกะหรี่,3. ผัด,ซอสหอยนางรม,"INMU, N60",ซอสหอยนางรม,61.0,2.65,0.07,12.73,9.0,
28,ปูผัดผงกะหรี่,3. ผัด,น้ำตาล,–,น้ำตาลทราย,387.0,0.0,0.0,100.0,5.0,
28,ปูผัดผงกะหรี่,3. ผัด,น้ำมัน,"INMU, K21",น้ำมันปาล์มโอเลอิน ผ่านกรรมวิธี ต่อ 100 มล.,829.0,0.0,91.33,0.0,6.0,
29,ผัดฉ่ากุ้ง,3. ผัด,กุ้ง,–,กุ้ง,85.0,20.1,0.9,0.0,60.0,
29,ผัดฉ่ากุ้ง,3. ผัด,พริกขี้หนูสด,–,พริกขี้หนูสด,40.0,2.0,0.4,8.8,3.0,
29,ผัดฉ่ากุ้ง,3. ผัด,ใบกะเพรา,"INMU, N3",กระเพรา ใบ,50.0,3.27,0.45,8.14,15.0,
29,ผัดฉ่ากุ้ง,3. ผัด,ตะไคร้ซอย,"INMU, N18",ตะไคร้,77.0,0.88,1.31,15.48,8.0,
29,ผัดฉ่ากุ้ง,3. ผัด,ข่า,"INMU, N11",ข่า,35.0,0.69,0.17,7.79,10.0,
29,ผัดฉ่ากุ้ง,3. ผัด,ใบมะกรูด,"INMU, N35",มะกรูด ใบ,137.0,5.46,3.1,21.71,2.0,
29,ผัดฉ่ากุ้ง,3. ผัด,น้ำปลา,–,น้ำปลา,35.0,5.0,0.0,3.6,10.0,
29,ผัดฉ่ากุ้ง,3. ผัด,น้ำมันหอย,"INMU, N60",ซอสหอยนางรม,61.0,2.65,0.07,12.73,9.0,
29,ผัดฉ่ากุ้ง,3. ผัด,น้ำตาล,–,น้ำตาลทราย,387.0,0.0,0.0,100.0,5.0,
29,ผัดฉ่ากุ้ง,3. ผัด,น้ำมัน,"INMU, K21",น้ำมันปาล์มโอเลอิน ผ่านกรรมวิธี ต่อ 100 มล.,829.0,0.0,91.33,0.0,6.0,
30,ปลาหมึกผัดไข่เค็ม*,3. ผัด,ปลาหมึก,"INMU, G143","ปลาหมึกกล้วย, สด",66.0,15.36,0.4,0.2,60.0,
30,ปลาหมึกผัดไข่เค็ม,3. ผัด,ไข่เค็ม,"INMU, H15",ไข่เค็ม ไข่เป็ด,180.0,13.7,9.73,9.39,50.0,
30,ปลาหมึกผัดไข่เค็ม,3. ผัด,กระเทียม,"INMU, N1",กระเทียม หัว แห้ง,134.0,6.3,0.21,26.73,5.0,
30,ปลาหมึกผัดไข่เค็ม,3. ผัด,พริกขี้หนู,–,พริกขี้หนู,40.0,2.0,0.4,8.8,3.0,
30,ปลาหมึกผัดไข่เค็ม,3. ผัด,เนย,–,เนย (butter),717.0,0.9,81.1,0.1,6.0,
30,ปลาหมึกผัดไข่เค็ม,3. ผัด,น้ำมันหอย,"INMU, N60",ซอสหอยนางรม,61.0,2.65,0.07,12.73,9.0,
30,ปลาหมึกผัดไข่เค็ม,3. ผัด,,"INMU, N102",น้ำพริกเผา,396.0,5.02,23.51,37.9,5.0,
30,ปลาหมึกผัดไข่เค็ม,3. ผัด,,"INMU, D348",หอมหัวใหญ่,32.0,1.12,0.09,6.79,45.0,
30,ปลาหมึกผัดไข่เค็ม,3. ผัด,,D30,ต้นหอม,32.0,1.69,0.21,7.3,10.0,
30,ปลาหมึกผัดไข่เค็ม,3. ผัด,,"INMU, D86","ผักคื่นช่าย, ดิบ",26.0,1.55,0.18,4.56,15.0,
30,ปลาหมึกผัดไข่เค็ม,3. ผัด,น้ำตาล,–,น้ำตาลทราย,387.0,0.0,0.0,100.0,5.0,
30,ปลาหมึกผัดไข่เค็ม,3. ผัด,น้ำมัน,"INMU, K21",น้ำมันปาล์มโอเลอิน ผ่านกรรมวิธี ต่อ 100 มล.,829.0,0.0,91.33,0.0,6.0,
31,ลาบคั่วหมู,4. ยำ/ลาบ/ย่าง,หมูสับ,"INMU, F75","หมู, เนื้อ, ดิบ",124.0,21.13,3.97,0.91,60.0,
31,ลาบคั่วหมู,4. ยำ/ลาบ/ย่าง,ข้าวคั่ว,–,ข้าวคั่ว,364.0,6.5,0.8,79.0,10.0,
31,ลาบคั่วหมู,4. ยำ/ลาบ/ย่าง,พริกแห้งป่น,–,พริกแห้งป่น,314.0,12.8,17.0,56.6,2.0,
31,ลาบคั่วหมู,4. ยำ/ลาบ/ย่าง,ตะไคร้,"INMU, N18",ตะไคร้,77.0,0.88,1.31,15.48,8.0,
31,ลาบคั่วหมู,4. ยำ/ลาบ/ย่าง,มะแขว่น,–,มะแขว่น (Sichuan pepper),300.0,6.7,8.7,66.0,1.0,
31,ลาบคั่วหมู,4. ยำ/ลาบ/ย่าง,หอมแดง,–,หอมแดง,72.0,2.5,0.1,16.8,8.0,
31,ลาบคั่วหมู,4. ยำ/ลาบ/ย่าง,ต้นหอม,D30,ต้นหอม,32.0,1.69,0.21,7.3,5.0,
31,ลาบคั่วหมู,4. ยำ/ลาบ/ย่าง,ผักชี,–,ผักชี,23.0,2.1,0.5,3.7,2.0,
31,ลาบคั่วหมู,4. ยำ/ลาบ/ย่าง,น้ำปลา,–,น้ำปลา,35.0,5.0,0.0,3.6,10.0,
31,ลาบคั่วหมู,4. ยำ/ลาบ/ย่าง,น้ำมะนาว,–,น้ำมะนาว,25.0,0.4,0.2,7.9,7.0,
32,ยำวุ้นเส้นกุ้ง,4. ยำ/ลาบ/ย่าง,วุ้นเส้น,"INMU, C77","วุ้นเส้น, ถั่วเขียว 100 %, แห้ง",365.0,0.14,0.2,90.66,17.0,
32,ยำวุ้นเส้นกุ้ง,4. ยำ/ลาบ/ย่าง,กุ้ง,–,กุ้ง,85.0,20.1,0.9,0.0,60.0,
32,ยำวุ้นเส้นกุ้ง,4. ยำ/ลาบ/ย่าง,หัวหอม,"INMU, D348",หอมหัวใหญ่,32.0,1.12,0.09,6.79,45.0,
32,ยำวุ้นเส้นกุ้ง,4. ยำ/ลาบ/ย่าง,มะเขือเทศ,"INMU, D118","มะเขือเทศ, สุก",24.8,1.0,0.35,4.41,30.0,
32,ยำวุ้นเส้นกุ้ง,4. ยำ/ลาบ/ย่าง,คื่นฉ่าย,"INMU, D86","ผักคื่นช่าย, ดิบ",26.0,1.55,0.18,4.56,15.0,
32,ยำวุ้นเส้นกุ้ง,4. ยำ/ลาบ/ย่าง,น้ำมะนาว,–,น้ำมะนาว,25.0,0.4,0.2,7.9,7.0,
32,ยำวุ้นเส้นกุ้ง,4. ยำ/ลาบ/ย่าง,น้ำปลา,–,น้ำปลา,35.0,5.0,0.0,3.6,10.0,
32,ยำวุ้นเส้นกุ้ง,4. ยำ/ลาบ/ย่าง,พริกขี้หนู,–,พริกขี้หนู,40.0,2.0,0.4,8.8,3.0,
32,ยำวุ้นเส้นกุ้ง,4. ยำ/ลาบ/ย่าง,น้ำตาล,–,น้ำตาลทราย,387.0,0.0,0.0,100.0,5.0,
33,ยำหอย,4. ยำ/ลาบ/ย่าง,หอยแครง,"INMU, G169","หอยแครง, ดิบ",68.0,11.26,0.98,3.51,60.0,
33,ยำหอย,4. ยำ/ลาบ/ย่าง,หัวหอม,"INMU, D348",หอมหัวใหญ่,32.0,1.12,0.09,6.79,45.0,
33,ยำหอย,4. ยำ/ลาบ/ย่าง,ตะไคร้,"INMU, N18",ตะไคร้,77.0,0.88,1.31,15.48,16.0,
33,ยำหอย,4. ยำ/ลาบ/ย่าง,ใบมะกรูด,"INMU, N35",มะกรูด ใบ,137.0,5.46,3.1,21.71,2.0,
33,ยำหอย,4. ยำ/ลาบ/ย่าง,น้ำมะนาว,–,น้ำมะนาว,25.0,0.4,0.2,7.9,7.0,
33,ยำหอย,4. ยำ/ลาบ/ย่าง,น้ำปลา,–,น้ำปลา,35.0,5.0,0.0,3.6,10.0,
33,ยำหอย,4. ยำ/ลาบ/ย่าง,พริกขี้หนู,–,พริกขี้หนู,40.0,2.0,0.4,8.8,3.0,
33,ยำหอย,4. ยำ/ลาบ/ย่าง,น้ำตาล,–,น้ำตาลทราย,387.0,0.0,0.0,100.0,5.0,
33,ยำหอย,4. ยำ/ลาบ/ย่าง,ผักชี,–,ผักชี,23.0,2.1,0.5,3.7,2.0,
34,ไส้อั่ว*,4. ยำ/ลาบ/ย่าง,หมูสับ,"INMU, F101",หมู สับ ดิบ,229.0,18.2,17.0,0.0,60.0,
34,ไส้อั่ว,4. ยำ/ลาบ/ย่าง,พริกแห้ง,–,พริกแห้ง,314.0,12.8,17.0,56.6,3.0,
34,ไส้อั่ว,4. ยำ/ลาบ/ย่าง,ตะไคร้,"INMU, N18",ตะไคร้,77.0,0.88,1.31,15.48,8.0,
34,ไส้อั่ว,4. ยำ/ลาบ/ย่าง,ข่า,"INMU, N11",ข่า,35.0,0.69,0.17,7.79,5.0,
34,ไส้อั่ว,4. ยำ/ลาบ/ย่าง,ใบมะกรูด,"INMU, N35",มะกรูด ใบ,137.0,5.46,3.1,21.71,2.0,
34,ไส้อั่ว,4. ยำ/ลาบ/ย่าง,มะแขว่น,–,มะแขว่น (Sichuan pepper),300.0,6.7,8.7,66.0,1.0,
34,ไส้อั่ว,4. ยำ/ลาบ/ย่าง,กระเทียม,"INMU, N1",กระเทียม หัว แห้ง,134.0,6.3,0.21,26.73,5.0,
34,ไส้อั่ว,4. ยำ/ลาบ/ย่าง,,"INMU, N8",ขมิ้นชัน,46.0,1.58,0.23,9.42,2.0,
34,ไส้อั่ว,4. ยำ/ลาบ/ย่าง,,–,ขมิ้นชัน ผง,312.0,9.7,3.3,67.1,2.0,
34,ไส้อั่ว,4. ยำ/ลาบ/ย่าง,,"INMU, F129",หมู ไส้ ดิบ,205.0,9.3,17.57,2.4,17.0,
34,ไส้อั่ว,4. ยำ/ลาบ/ย่าง,หอมแดง,–,หอมแดง,72.0,2.5,0.1,16.8,8.0,
34,ไส้อั่ว,4. ยำ/ลาบ/ย่าง,กะปิ (ใส้ไส้),"INMU, N44",กะปิ คุณภาพดี,128.0,24.31,2.47,2.06,5.0,
35,ยำปลาดุกฟู*,4. ยำ/ลาบ/ย่าง,ปลาดุกทอดกรอบ,"INMU, G76",ปลาดุกอุย ย่าง,276.0,28.13,17.9,0.57,60.0,
35,ยำปลาดุกฟู,4. ยำ/ลาบ/ย่าง,มะม่วงดิบ,–,มะม่วงดิบ,65.0,0.5,0.3,17.0,30.0,
35,ยำปลาดุกฟู,4. ยำ/ลาบ/ย่าง,หอมแดง,–,หอมแดง,72.0,2.5,0.1,16.8,16.0,
35,ยำปลาดุกฟู,4. ยำ/ลาบ/ย่าง,พริกขี้หนู,–,พริกขี้หนู,40.0,2.0,0.4,8.8,3.0,
35,ยำปลาดุกฟู,4. ยำ/ลาบ/ย่าง,น้ำมะนาว,–,น้ำมะนาว,25.0,0.4,0.2,7.9,7.0,
35,ยำปลาดุกฟู,4. ยำ/ลาบ/ย่าง,น้ำปลา,–,น้ำปลา,35.0,5.0,0.0,3.6,10.0,
35,ยำปลาดุกฟู,4. ยำ/ลาบ/ย่าง,น้ำตาล,–,น้ำตาลทราย,387.0,0.0,0.0,100.0,5.0,
35,ยำปลาดุกฟู,4. ยำ/ลาบ/ย่าง,กระเทียมเจียว,–,กระเทียมเจียว,250.0,7.0,15.0,25.0,5.0,
35,ยำปลาดุกฟู,4. ยำ/ลาบ/ย่าง,,"INMU, C106","ถั่วลิสง, คั่ว, ไม่รวมเยื่อหุ้มเมล็ด",626.0,26.38,48.65,20.6,10.0,
35,ยำปลาดุกฟู,4. ยำ/ลาบ/ย่าง,,"INMU, K21",น้ำมันปาล์มโอเลอิน ผ่านกรรมวิธี ต่อ 100 มล.,829.0,0.0,91.33,0.0,6.0,
35,ยำปลาดุกฟู,4. ยำ/ลาบ/ย่าง,ผักชี,–,ผักชี,23.0,2.1,0.5,3.7,2.0,
36,สะเต๊ะหมู*,4. ยำ/ลาบ/ย่าง,หมู,"INMU, F75","หมู, เนื้อ, ดิบ",124.0,21.13,3.97,0.91,60.0,
36,สะเต๊ะหมู,4. ยำ/ลาบ/ย่าง,ผงกะหรี่,–,ผงกะหรี่,325.0,14.3,14.6,55.8,3.0,
36,สะเต๊ะหมู,4. ยำ/ลาบ/ย่าง,น้ำตาลปี๊บ,"INMU, M7",น้ำตาลปี๊บ ผสม,376.0,0.0,0.0,93.88,5.0,
36,สะเต๊ะหมู,4. ยำ/ลาบ/ย่าง,กะทิ,"INMU, K28",กะทิ ยูเอชที กล่อง,193.0,2.06,18.05,5.6,13.0,
36,สะเต๊ะหมู,4. ยำ/ลาบ/ย่าง,,"INMU, J45",นมยูเอชที รสธรรมชาติ ต่อ 100 มล.,71.0,3.2,3.74,6.1,13.0,
36,สะเต๊ะหมู,4. ยำ/ลาบ/ย่าง,ขมิ้น,–,ขมิ้นชัน ผง,312.0,9.7,3.3,67.1,2.0,
36,สะเต๊ะหมู,4. ยำ/ลาบ/ย่าง,,"INMU, N39",ยี่หร่า ใบ,354.0,16.9,7.7,54.2,0.0,
36,สะเต๊ะหมู,4. ยำ/ลาบ/ย่าง,,"INMU, N21",ผักชี เมล็ด,325.0,13.6,0.6,66.4,0.0,
36,สะเต๊ะหมู,4. ยำ/ลาบ/ย่าง,เกลือ,–,เกลือ,0.0,0.0,0.0,0.0,3.0,
36,สะเต๊ะหมู,4. ยำ/ลาบ/ย่าง,ส่วนน้ำจิ้มสเต๊ะ: กะทิ,"INMU, K28",กะทิ ยูเอชที กล่อง,193.0,2.06,18.05,5.6,13.0,
36,สะเต๊ะหมู,4. ยำ/ลาบ/ย่าง,,"INMU, J45",นมยูเอชที รสธรรมชาติ ต่อ 100 มล.,71.0,3.2,3.74,6.1,13.0,
36,สะเต๊ะหมู,4. ยำ/ลาบ/ย่าง,น้ำตาลปี๊บ,"INMU, M7",น้ำตาลปี๊บ ผสม,376.0,0.0,0.0,93.88,3.0,
36,สะเต๊ะหมู,4. ยำ/ลาบ/ย่าง,,"INMU, C106","ถั่วลิสง, คั่ว, ไม่รวมเยื่อหุ้มเมล็ด",626.0,26.38,48.65,20.6,5.0,
36,สะเต๊ะหมู,4. ยำ/ลาบ/ย่าง,,"INMU, N100",น้ำพริกแกงมัสมั่น,218.0,4.3,18.2,14.41,10.0,
36,สะเต๊ะหมู,4. ยำ/ลาบ/ย่าง,,–,เกลือ,0.0,0.0,0.0,0.0,3.0,
36,สะเต๊ะหมู,4. ยำ/ลาบ/ย่าง,,–,พริกแกงแดง,100.0,3.0,3.0,15.0,10.0,
36,สะเต๊ะหมู,4. ยำ/ลาบ/ย่าง,น้ำมะขาม,–,น้ำมะขาม,50.0,0.4,0.1,12.0,9.0,
37,ลาบหมู,4. ยำ/ลาบ/ย่าง,หมูสับ,"INMU, F101",หมู สับ ดิบ,229.0,18.2,17.0,0.0,60.0,
37,ลาบหมู,4. ยำ/ลาบ/ย่าง,ข้าวคั่ว,–,ข้าวคั่ว,364.0,6.5,0.8,79.0,10.0,
37,ลาบหมู,4. ยำ/ลาบ/ย่าง,พริกป่น,–,พริกป่น,314.0,12.8,17.0,56.6,2.0,
37,ลาบหมู,4. ยำ/ลาบ/ย่าง,หอมแดง,–,หอมแดง,72.0,2.5,0.1,16.8,8.0,
37,ลาบหมู,4. ยำ/ลาบ/ย่าง,ต้นหอม,D30,ต้นหอม,32.0,1.69,0.21,7.3,5.0,
37,ลาบหมู,4. ยำ/ลาบ/ย่าง,ผักชี,–,ผักชี,23.0,2.1,0.5,3.7,2.0,
37,ลาบหมู,4. ยำ/ลาบ/ย่าง,ใบสะระแหน่,"INMU, N40",สะระแหน่ ใบ,45.0,3.23,0.67,6.5,2.0,
37,ลาบหมู,4. ยำ/ลาบ/ย่าง,น้ำมะนาว,–,น้ำมะนาว,25.0,0.4,0.2,7.9,7.0,
37,ลาบหมู,4. ยำ/ลาบ/ย่าง,น้ำปลา,–,น้ำปลา,35.0,5.0,0.0,3.6,10.0,
38,หมูย่าง,4. ยำ/ลาบ/ย่าง,หมูสามชั้น,F69,"หมู, สามชั้น, ดิบ",363.0,14.23,34.07,0.0,60.0,
38,หมูย่าง,4. ยำ/ลาบ/ย่าง,กระเทียม,"INMU, N1",กระเทียม หัว แห้ง,134.0,6.3,0.21,26.73,5.0,
38,หมูย่าง,4. ยำ/ลาบ/ย่าง,พริกไทย,"INMU, N27",พริกไทย ขาว,378.0,11.35,6.5,68.6,2.0,
38,หมูย่าง,4. ยำ/ลาบ/ย่าง,ซีอิ๊วขาว,"INMU, N136",ซีอิ๊วขาว (ไม่ระบุเกรด),37.7,4.24,0.0,5.18,10.0,
38,หมูย่าง,4. ยำ/ลาบ/ย่าง,น้ำตาล,–,น้ำตาลทราย,387.0,0.0,0.0,100.0,5.0,
38,หมูย่าง,4. ยำ/ลาบ/ย่าง,น้ำมันงา,"INMU, K31","น้ำมันงา, ต่อ 100 มล.",829.0,0.0,88.73,0.0,5.0,
38,หมูย่าง,4. ยำ/ลาบ/ย่าง,ผักชีราก,"INMU, N20",ผักชีราก,57.32,1.7,0.2,12.18,5.0,
39,ส้มตำ,4. ยำ/ลาบ/ย่าง,มะละกอดิบ,"INMU, D134","มะละกอ, ดิบ",25.0,0.62,0.1,5.38,50.0,
39,ส้มตำ,4. ยำ/ลาบ/ย่าง,มะเขือเทศ,"INMU, D119",มะเขือเทศสีดา ดิบ,22.0,1.0,0.31,4.63,30.0,
39,ส้มตำ,4. ยำ/ลาบ/ย่าง,ถั่วฝักยาว,"INMU, D44",ถั่วฝักยาว ดิบ,38.0,2.55,0.28,6.28,24.0,
39,ส้มตำ,4. ยำ/ลาบ/ย่าง,พริกขี้หนู,–,พริกขี้หนู,40.0,2.0,0.4,8.8,3.0,
39,ส้มตำ,4. ยำ/ลาบ/ย่าง,กระเทียม,"INMU, N1",กระเทียม หัว แห้ง,134.0,6.3,0.21,26.73,5.0,
39,ส้มตำ,4. ยำ/ลาบ/ย่าง,น้ำมะนาว,–,น้ำมะนาว,25.0,0.4,0.2,7.9,14.0,
39,ส้มตำ,4. ยำ/ลาบ/ย่าง,น้ำปลา,–,น้ำปลา,35.0,5.0,0.0,3.6,10.0,
39,ส้มตำ,4. ยำ/ลาบ/ย่าง,น้ำตาลปี๊บ,"INMU, M7",น้ำตาลปี๊บ ผสม,376.0,0.0,0.0,93.88,5.0,
39,ส้มตำ,4. ยำ/ลาบ/ย่าง,กุ้งแห้ง,"INMU, G14","กุ้ง, แห้ง, ตัวเล็ก, มีเปลือก",242.0,47.15,3.1,6.4,3.0,
39,ส้มตำ,4. ยำ/ลาบ/ย่าง,ลูกสะแก,NOT_FOUND,ลูกสะแก ไม่ต้องใส่,,,,,1.0,
40,กุ้งเผา,4. ยำ/ลาบ/ย่าง,กุ้งทะเล,"INMU, G6",กุ้งกุลาดำ เนื้อ สด,92.0,20.1,1.3,0.0,60.0,
40,กุ้งเผา,4. ยำ/ลาบ/ย่าง,เกลือ; น้ำจิ้มซีฟู้ด: น้ำปลา,–,เกลือ,0.0,0.0,0.0,0.0,3.0,
40,กุ้งเผา,4. ยำ/ลาบ/ย่าง,มะนาว,–,น้ำมะนาว,25.0,0.4,0.2,7.9,15.0,
40,กุ้งเผา,4. ยำ/ลาบ/ย่าง,พริกขี้หนู,–,พริกขี้หนู,40.0,2.0,0.4,8.8,3.0,
40,กุ้งเผา,4. ยำ/ลาบ/ย่าง,กระเทียม,"INMU, N1",กระเทียม หัว แห้ง,134.0,6.3,0.21,26.73,5.0,
40,กุ้งเผา,4. ยำ/ลาบ/ย่าง,น้ำตาล,–,น้ำตาลทราย,387.0,0.0,0.0,100.0,5.0,
41,ข้าวหมกไก่,5. ทอด/ข้าว,ข้าวบาสมาติ,A12,"ข้าวเจ้า, พันธุ์หอมมะลิ, ดิบ",357.0,6.45,0.71,81.57,180.0,
41,ข้าวหมกไก่,5. ทอด/ข้าว,ไก่,"INMU, F19","ไก่, สะโพก, ดิบ",212.0,15.6,15.6,2.2,60.0,
41,ข้าวหมกไก่,5. ทอด/ข้าว,โยเกิร์ต,"INMU, J61",โยเกิร์ต รสธรรมชาติ,94.0,4.51,3.04,12.03,50.0,
41,ข้าวหมกไก่,5. ทอด/ข้าว,ผงกะหรี่,–,ผงกะหรี่,325.0,14.3,14.6,55.8,5.0,
41,ข้าวหมกไก่,5. ทอด/ข้าว,ขมิ้น,–,ขมิ้นชัน ผง,312.0,9.7,3.3,67.1,2.0,
41,ข้าวหมกไก่,5. ทอด/ข้าว,ยี่หร่า,"INMU, N39",ยี่หร่า,354.0,16.9,7.7,54.2,2.0,
41,ข้าวหมกไก่,5. ทอด/ข้าว,กานพลู,–,กานพลู,274.0,6.0,13.0,65.5,1.0,
41,ข้าวหมกไก่,5. ทอด/ข้าว,อบเชย,"INMU, N42",อบเชย,329.0,3.3,1.0,76.6,2.0,
41,ข้าวหมกไก่,5. ทอด/ข้าว,หัวหอม,"INMU, D348",หอมหัวใหญ่,32.0,1.12,0.09,6.79,30.0,
41,ข้าวหมกไก่,5. ทอด/ข้าว,กระเทียม,"INMU, N1",กระเทียม หัว แห้ง,134.0,6.3,0.21,26.73,5.0,
41,ข้าวหมกไก่,5. ทอด/ข้าว,ขิง,"INMU, N16",ขิง แก่,34.0,1.2,0.6,5.93,5.0,
41,ข้าวหมกไก่,5. ทอด/ข้าว,น้ำมัน,"INMU, K21",น้ำมันปาล์มโอเลอิน ผ่านกรรมวิธี ต่อ 100 มล.,829.0,0.0,91.33,0.0,6.0,
42,หอยทอด,5. ทอด/ข้าว,หอยนางรม,–,หอยนางรม,68.0,7.1,2.5,3.9,60.0,
42,หอยทอด,5. ทอด/ข้าว,แป้งมัน,–,แป้งมันสำปะหลัง,357.0,0.2,0.0,88.0,7.0,
42,หอยทอด,5. ทอด/ข้าว,แป้งข้าวเจ้า,"INMU, A80",แป้งข้าวเจ้า,361.0,6.57,0.55,82.41,7.0,
42,หอยทอด,5. ทอด/ข้าว,ไข่,"INMU, H19",ไข่ไก่ ทั้งฟอง ดิบ,133.0,13.02,8.33,1.59,50.0,
42,หอยทอด,5. ทอด/ข้าว,ต้นหอม,D30,ต้นหอม,32.0,1.69,0.21,7.3,5.0,
42,หอยทอด,5. ทอด/ข้าว,กระเทียม,"INMU, N1",กระเทียม หัว แห้ง,134.0,6.3,0.21,26.73,5.0,
42,หอยทอด,5. ทอด/ข้าว,น้ำปลา,–,น้ำปลา,35.0,5.0,0.0,3.6,10.0,
42,หอยทอด,5. ทอด/ข้าว,ถั่วงอก,–,ถั่วงอก,30.0,3.0,0.2,5.9,50.0,
42,หอยทอด,5. ทอด/ข้าว,น้ำมัน,"INMU, K21",น้ำมันปาล์มโอเลอิน ผ่านกรรมวิธี ต่อ 100 มล.,829.0,0.0,91.33,0.0,6.0,
43,ข้าวขาหมูเนื้อล้วน*,5. ทอด/ข้าว,ขาหมู,"INMU,F176",หมู ขาหลัง เนื้อล้วน ดิบ,148.0,20.4,7.4,0.0,60.0,
43,ข้าวขาหมูเนื้อล้วน,5. ทอด/ข้าว,ซีอิ๊วดำ,"INMU, N136",ซีอิ๊วขาว (ไม่ระบุเกรด),37.7,4.24,0.0,5.18,9.0,
43,ข้าวขาหมูเนื้อล้วน,5. ทอด/ข้าว,,"INMU, N126","ซอสปรุงรส  (protein<10กรัม),ต่อ100 มล.",152.0,5.47,0.0,32.5,9.0,
43,ข้าวขาหมูเนื้อล้วน,5. ทอด/ข้าว,น้ำตาลปี๊บ,"INMU, M7",น้ำตาลปี๊บ ผสม,376.0,0.0,0.0,93.88,3.0,
43,ข้าวขาหมูเนื้อล้วน,5. ทอด/ข้าว,กระเทียม,"INMU, N1",กระเทียม หัว แห้ง,134.0,6.3,0.21,26.73,5.0,
43,ข้าวขาหมูเนื้อล้วน,5. ทอด/ข้าว,พริกไทย,"INMU, N27",พริกไทย ขาว,378.0,11.35,6.5,68.6,2.0,
43,ข้าวขาหมูเนื้อล้วน,5. ทอด/ข้าว,ผักชีราก,"INMU, N20",ผักชีราก,57.32,1.7,0.2,12.18,5.0,
43,ข้าวขาหมูเนื้อล้วน,5. ทอด/ข้าว,ไข่ต้ม,"INMU, H19",ไข่ไก่ ทั้งฟอง ดิบ,133.0,13.02,8.33,1.59,25.0,
43,ข้าวขาหมูเนื้อล้วน,5. ทอด/ข้าว,ผักดอง,"INMU, D76",ผักกาด ดอง เปรี้ยว,15.0,1.26,0.17,3.47,20.0,
43,ข้าวขาหมูเนื้อล้วน,5. ทอด/ข้าว,ข้าวสวย,A11,"ข้าวเจ้า, สุก",130.0,2.28,0.24,31.1,180.0,
44,ข้าวหมูแดง*,5. ทอด/ข้าว,ข้าวสวย,A11,"ข้าวเจ้า, สุก",130.0,2.28,0.24,31.1,180.0,
44,ข้าวหมูแดง,5. ทอด/ข้าว,ไข่ไก่,"INMU, H19",ไข่ไก่ ทั้งฟอง ดิบ,133.0,13.02,8.33,1.59,50.0,
44,ข้าวหมูแดง,5. ทอด/ข้าว,แตงกวา,D34,"แตงกวา, ดิบ",21.46,0.78,0.1,4.36,30.0,
44,ข้าวหมูแดง,5. ทอด/ข้าว,สันในหมู,"INMU, F88",หมู สันใน ดิบ,116.0,21.8,3.2,0.0,60.0,
44,ข้าวหมูแดง,5. ทอด/ข้าว,ผงหมักหมูแดง,"INMU, N112",ผงหมูแดง,287.0,2.43,1.02,66.93,2.0,
44,ข้าวหมูแดง,5. ทอด/ข้าว,น้ำตาลทราย,–,น้ำตาลทราย,387.0,0.0,0.0,100.0,2.0,
44,ข้าวหมูแดง,5. ทอด/ข้าว,น้ำมันงา,"INMU, K31","น้ำมันงา, ต่อ 100 มล.",829.0,0.0,88.73,0.0,2.0,
44,ข้าวหมูแดง,5. ทอด/ข้าว,ซอสหอยนางรม,"INMU, N60",ซอสหอยนางรม,61.0,2.65,0.07,12.73,4.0,
44,ข้าวหมูแดง,5. ทอด/ข้าว,ซีอิ๊วขาว,"INMU, N136",ซีอิ๊วขาว (ไม่ระบุเกรด),37.7,4.24,0.0,5.18,2.0,
44,ข้าวหมูแดง,5. ทอด/ข้าว,ซอสปรุงรส,"INMU, N126","ซอสปรุงรส  (protein<10กรัม),ต่อ100 มล.",152.0,5.47,0.0,32.5,2.0,
44,ข้าวหมูแดง,5. ทอด/ข้าว,นมข้นจืด,"INMU, J2",นมข้น แปลงไขมัน รสจืด,123.0,6.36,6.55,9.69,12.0,
44,ข้าวหมูแดง,5. ทอด/ข้าว,น้ำเปล่า,–,น้ำเปล่า,0.0,0.0,0.0,0.0,24.0,
44,ข้าวหมูแดง,5. ทอด/ข้าว,น้ำราด: รากผักชี,"INMU, N20",ผักชีราก,57.32,1.7,0.2,12.18,5.0,
44,ข้าวหมูแดง,5. ทอด/ข้าว,กระเทียม,"INMU, N1",กระเทียม หัว แห้ง,134.0,6.3,0.21,26.73,5.0,
44,ข้าวหมูแดง,5. ทอด/ข้าว,พริกไทย,"INMU, N27",พริกไทย ขาว,378.0,11.35,6.5,68.6,2.0,
44,ข้าวหมูแดง,5. ทอด/ข้าว,น้ำตาลมะพร้าว,"INMU, M7",น้ำตาลปี๊บ ผสม,376.0,0.0,0.0,93.88,5.0,
44,ข้าวหมูแดง,5. ทอด/ข้าว,ซอสหอยนางรม,"INMU, N60",ซอสหอยนางรม,61.0,2.65,0.07,12.73,8.0,
44,ข้าวหมูแดง,5. ทอด/ข้าว,ซอสปรุงรส,"INMU, N126","ซอสปรุงรส  (protein<10กรัม),ต่อ100 มล.",152.0,5.47,0.0,32.5,5.0,
44,ข้าวหมูแดง,5. ทอด/ข้าว,ซีอิ๊วขาว,"INMU, N136",ซีอิ๊วขาว (ไม่ระบุเกรด),37.7,4.24,0.0,5.18,5.0,
44,ข้าวหมูแดง,5. ทอด/ข้าว,น้ำมันงา,"INMU, K31","น้ำมันงา, ต่อ 100 มล.",829.0,0.0,88.73,0.0,2.0,
44,ข้าวหมูแดง,5. ทอด/ข้าว,งาขาวคั่ว,"INMU, C2",งาขาว คั่ว,698.0,26.1,64.55,3.26,5.0,
44,ข้าวหมูแดง,5. ทอด/ข้าว,แป้งมัน,–,แป้งมันสำปะหลัง,357.0,0.2,0.0,88.0,4.0,
44,ข้าวหมูแดง,5. ทอด/ข้าว,น้ำเปล่า,–,น้ำเปล่า,0.0,0.0,0.0,0.0,190.0,
45,หมูกรอบ,5. ทอด/ข้าว,หมูสามชั้น,F69,"หมู, สามชั้น, ดิบ",363.0,14.23,34.07,0.0,60.0,
45,หมูกรอบ,5. ทอด/ข้าว,เกลือ,–,เกลือ,0.0,0.0,0.0,0.0,3.0,
45,หมูกรอบ,5. ทอด/ข้าว,น้ำส้มสายชู,–,น้ำส้มสายชู,18.0,0.0,0.0,0.9,5.0,
45,หมูกรอบ,5. ทอด/ข้าว,น้ำมันทอด,"INMU, K21",น้ำมันปาล์มโอเลอิน ผ่านกรรมวิธี ต่อ 100 มล.,829.0,0.0,91.33,0.0,6.0,
46,ข้าวมันไก่*,5. ทอด/ข้าว,ไก่ต้ม,F14,"ไก่, ทั้งตัว, ต้ม",241.0,22.9,16.6,0.0,60.0,
46,ข้าวมันไก่,5. ทอด/ข้าว,ข้าวหุงด้วยน้ำซุปไก่+กระเทียม+ขิง,A11,"ข้าวเจ้า, สุก",130.0,2.28,0.24,31.1,180.0,
46,ข้าวมันไก่,5. ทอด/ข้าว,,INMUCAL,น้ำซุปไก่ ซี่โครงไก่,21.13,0.7,1.0,2.33,100.0,
46,ข้าวมันไก่,5. ทอด/ข้าว,,"INMU, N1",กระเทียม หัว แห้ง,134.0,6.3,0.21,26.73,5.0,
46,ข้าวมันไก่,5. ทอด/ข้าว,,"INMU, N16",ขิง แก่,34.0,1.2,0.6,5.93,5.0,
46,ข้าวมันไก่,5. ทอด/ข้าว,น้ำจิ้ม: เต้าเจี้ยว,C43,เต้าเจี้ยวขาว,107.0,10.73,3.66,7.77,18.0,
46,ข้าวมันไก่,5. ทอด/ข้าว,ขิง,"INMU, N16",ขิง แก่,34.0,1.2,0.6,5.93,5.0,
46,ข้าวมันไก่,5. ทอด/ข้าว,,"INMU, N142",ซีอิ๊วหวาน,218.0,2.63,0.0,51.94,5.0,
46,ข้าวมันไก่,5. ทอด/ข้าว,,–,น้ำมะนาว,25.0,0.4,0.2,7.9,5.0,
46,ข้าวมันไก่,5. ทอด/ข้าว,พริก,–,พริก,40.0,2.0,0.4,8.8,3.0,
46,ข้าวมันไก่,5. ทอด/ข้าว,น้ำตาล,–,น้ำตาลทราย,387.0,0.0,0.0,100.0,3.0,
46,ข้าวมันไก่,5. ทอด/ข้าว,แตงกวา,D34,"แตงกวา, ดิบ",21.46,0.78,0.1,4.36,27.0,
46,ข้าวมันไก่,5. ทอด/ข้าว,ผักชี,–,ผักชี,23.0,2.1,0.5,3.7,2.0,
46,ข้าวมันไก่,5. ทอด/ข้าว,ใบเตย,–,ใบเตย,40.0,2.0,0.3,9.0,0.0,
47,ไก่ทอด,5. ทอด/ข้าว,ไก่,"INMU, F22",ไก่ ปีก ดิบ,217.0,16.9,16.6,0.0,60.0,
47,ไก่ทอด,5. ทอด/ข้าว,กระเทียม,"INMU, N1",กระเทียม หัว แห้ง,134.0,6.3,0.21,26.73,5.0,
47,ไก่ทอด,5. ทอด/ข้าว,พริกไทย,"INMU, N27",พริกไทย ขาว,378.0,11.35,6.5,68.6,2.0,
47,ไก่ทอด,5. ทอด/ข้าว,ผักชีราก,"INMU, N20",ผักชีราก,57.32,1.7,0.2,12.18,5.0,
47,ไก่ทอด,5. ทอด/ข้าว,น้ำปลา,–,น้ำปลา,35.0,5.0,0.0,3.6,9.0,
47,ไก่ทอด,5. ทอด/ข้าว,แป้งทอด,"INMU, A35",แป้งสาลีผสม สำหรับชุบทอด,350.0,9.2,0.0,77.65,14.0,
47,ไก่ทอด,5. ทอด/ข้าว,น้ำมันทอด,"INMU, K21",น้ำมันปาล์มโอเลอิน ผ่านกรรมวิธี ต่อ 100 มล.,829.0,0.0,91.33,0.0,0.0,
48,ทอดมันปลากราย*,5. ทอด/ข้าว,เนื้อปลา,"INMU, G22",ปลากราย ขูด ดิบ,78.0,16.88,1.2,0.0,60.0,
48,ทอดมันปลากราย*,5. ทอด/ข้าว,พริกแกงแดง,–,พริกแกงแดง,100.0,3.0,3.0,15.0,36.0,
48,ทอดมันปลากราย*,5. ทอด/ข้าว,ใบมะกรูด,"INMU, N35",มะกรูด ใบ,137.0,5.46,3.1,21.71,2.0,
48,ทอดมันปลากราย*,5. ทอด/ข้าว,ถั่วฝักยาว,"INMU, D44",ถั่วฝักยาว ดิบ,38.0,2.55,0.28,6.28,50.0,
48,ทอดมันปลากราย*,5. ทอด/ข้าว,ไข่,"INMU, H19",ไข่ไก่ ทั้งฟอง ดิบ,133.0,13.02,8.33,1.59,50.0,
48,ทอดมันปลากราย*,5. ทอด/ข้าว,น้ำปลา,–,น้ำปลา,35.0,5.0,0.0,3.6,9.0,
48,ทอดมันปลากราย*,5. ทอด/ข้าว,น้ำตาล,–,น้ำตาลทราย,387.0,0.0,0.0,100.0,5.0,
48,ทอดมันปลากราย*,5. ทอด/ข้าว,น้ำมันทอด,"INMU, K21",น้ำมันปาล์มโอเลอิน ผ่านกรรมวิธี ต่อ 100 มล.,829.0,0.0,91.33,0.0,4.0,
48,ทอดมันปลากราย*,5. ทอด/ข้าว,,"INMU, N67",น้ำจิ้มไก่,218.0,0.73,0.41,53.47,12.0,
48,ทอดมันปลากราย*,5. ทอด/ข้าว,แตงกวา,D34,"แตงกวา, ดิบ",21.46,0.78,0.1,4.36,27.0,
48,ทอดมันปลากราย*,5. ทอด/ข้าว,ถั่วลิสง,C106,"ถั่วลิสง, คั่ว, ไม่รวมเยื่อหุ้มเมล็ด",625.77,26.38,48.65,20.6,5.0,
49,ข้าวผัดไก่,5. ทอด/ข้าว,ข้าวสวย,A11,"ข้าวเจ้า, สุก",130.0,2.28,0.24,31.1,180.0,
49,ข้าวผัดไก่,5. ทอด/ข้าว,ไข่,"INMU, H19",ไข่ไก่ ทั้งฟอง ดิบ,133.0,13.02,8.33,1.59,50.0,
49,ข้าวผัดไก่,5. ทอด/ข้าว,ไก่,F25,"ไก่, เนื้อ, ดิบ",186.0,17.3,12.4,1.4,60.0,
49,ข้าวผัดไก่,5. ทอด/ข้าว,หัวหอม,"INMU, D348",หอมหัวใหญ่,32.5,1.12,0.09,6.79,45.0,
49,ข้าวผัดไก่,5. ทอด/ข้าว,มะเขือเทศ,"INMU, D118","มะเขือเทศ, สุก",24.8,1.0,0.35,4.41,30.0,
49,ข้าวผัดไก่,5. ทอด/ข้าว,กระเทียม,"INMU, N1",กระเทียม หัว แห้ง,134.0,6.3,0.21,26.73,5.0,
49,ข้าวผัดไก่,5. ทอด/ข้าว,น้ำปลา,–,น้ำปลา,35.0,5.0,0.0,3.6,9.0,
49,ข้าวผัดไก่,5. ทอด/ข้าว,ซีอิ๊วดำ,"INMU, N136",ซีอิ๊วขาว (ไม่ระบุเกรด),37.7,4.24,0.0,5.18,9.0,
49,ข้าวผัดไก่,5. ทอด/ข้าว,น้ำมัน,"INMU, K21",น้ำมันปาล์มโอเลอิน ผ่านกรรมวิธี ต่อ 100 มล.,829.0,0.0,91.33,0.0,6.0,
49,ข้าวผัดไก่,5. ทอด/ข้าว,ต้นหอม,D30,ต้นหอม,32.0,1.69,0.21,7.3,5.0,
50,ปลาทอด,5. ทอด/ข้าว,ปลากะพง,"INMU, G28",ปลากะพงขาว สด,118.0,21.88,3.2,0.52,60.0,
50,ปลาทอด,5. ทอด/ข้าว,เกลือ,–,เกลือ,0.0,0.0,0.0,0.0,3.0,
50,ปลาทอด,5. ทอด/ข้าว,พริกไทย,"INMU, N27",พริกไทย ขาว,378.0,11.35,6.5,68.6,2.0,
50,ปลาทอด,5. ทอด/ข้าว,น้ำปลา,–,น้ำปลา,35.0,5.0,0.0,3.6,9.0,
50,ปลาทอด,5. ทอด/ข้าว,น้ำมันทอด,"INMU, K21",น้ำมันปาล์มโอเลอิน ผ่านกรรมวิธี ต่อ 100 มล.,829.0,0.0,91.33,0.0,6.0,
50,ปลาทอด,5. ทอด/ข้าว,กระเทียมเจียว,–,กระเทียมเจียว,250.0,7.0,15.0,25.0,5.0,
