category,menu_no,img_no,menu_pred,kcal_pred,protein_pred,fat_pred,carb_pred,raw_response
ทอด,97,1,ข้าวผัดผักบุ้ง,520,16,14,78,"เมนู: ข้าวผัดผักบุ้ง
ส่วนประกอบ:
- ข้าวสวย: 250 g
- ผักบุ้ง: 80 g
- ปลาเค็ม: 30 g
- น้ำมันพืช: 15 g
- พริกแดง: 10 g
พลังงาน: 520 kcal
โปรตีน: 16 g
ไขมัน: 14 g
คาร์โบไฮเดรต: 78 g"
ทอด,97,2,ข้าวผัดทะเล,480,22,14,65,"เมนู: ข้าวผัดทะเล
ส่วนประกอบ:
- ข้าวสวย: 200 g
- กุ้ง: 50 g
- หมึก: 40 g
- ไข่ไก่: 30 g
- หอมใหญ่: 20 g
- พริกแดง: 15 g
- ต้นหอม: 10 g
- น้ำมันพืช: 15 g
พลังงาน: 480 kcal
โปรตีน: 22 g
ไขมัน: 14 g
คาร์โบไฮเดรต: 65 g"
ทอด,97,3,ข้าวผัด,620,22,24,78,"เมนู: ข้าวผัด
ส่วนประกอบ:
- ข้าวสวย: 350 g
- ไข่ไก่: 60 g
- กุ้ง: 50 g
- ต้นหอม: 20 g
- น้ำมันพืช: 25 g
พลังงาน: 620 kcal
โปรตีน: 22 g
ไขมัน: 24 g
คาร์โบไฮเดรต: 78 g"
ทอด,97,4,ข้าวผัดปู,620,29,18,78,"เมนู: ข้าวผัดปู
ส่วนประกอบ:
- ข้าวสวย: 300 g
- เนื้อปู: 120 g
- ไข่ไก่: 50 g
- น้ำมันพืช: 15 g
- แตงกวา: 50 g
พลังงาน: 620 kcal
โปรตีน: 29 g
ไขมัน: 18 g
คาร์โบไฮเดรต: 78 g"
ทอด,97,5,ข้าวผัดปู,580,26,16,72,"เมนู: ข้าวผัดปู
ส่วนประกอบ:
- ข้าวสวย: 250 g
- ปู: 80 g
- ไข่ไก่: 50 g
- หัวหอมใหญ่: 30 g
- ต้นหอม: 20 g
- แตงกวา: 50 g
- น้ำมันพืช: 15 g
พลังงาน: 580 kcal
โปรตีน: 26 g
ไขมัน: 16 g
คาร์โบไฮเดรต: 72 g"
ทอด,99,1,ปลาทอด,620,48,42,0,"เมนู: ปลาทอด
ส่วนประกอบ:
- ปลา: 350 g
- น้ำมันพืช: 50 g
พลังงาน: 620 kcal
โปรตีน: 48 g
ไขมัน: 42 g
คาร์โบไฮเดรต: 0 g"
ทอด,99,2,ปลาทอด,720,48,52,15,"เมนู: ปลาทอด
ส่วนประกอบ:
- ปลา: 350 g
พลังงาน: 720 kcal
โปรตีน: 48 g
ไขมัน: 52 g
คาร์โบไฮเดรต: 15 g"
ทอด,99,3,ปลาทอด,750,60,55,5,"เมนู: ปลาทอด
ส่วนประกอบ:
- ปลา: 300 g
พลังงาน: 750 kcal
โปรตีน: 60 g
ไขมัน: 55 g
คาร์โบไฮเดรต: 5 g"
ทอด,99,4,ปลาทอด,520,38,35,8,"เมนู: ปลาทอด
ส่วนประกอบ:
- ปลา: 250 g
พลังงาน: 520 kcal
โปรตีน: 38 g
ไขมัน: 35 g
คาร์โบไฮเดรต: 8 g"
ทอด,99,5,ปลาทอด,1350,72,105,5,"เมนู: ปลาทอด
ส่วนประกอบ:
- ปลา: 450 g
พลังงาน: 1350 kcal
โปรตีน: 72 g
ไขมัน: 105 g
คาร์โบไฮเดรต: 5 g"
ผัด,7,1,ไก่ผัดเม็ดมะม่วงหิมพานต์,720,38,42,28,"เมนู: ไก่ผัดเม็ดมะม่วงหิมพานต์
ส่วนประกอบ:
- เนื้อไก่: 150 g
- เม็ดมะม่วงหิมพานต์: 60 g
- หัวหอมใหญ่: 80 g
- ต้นหอม: 30 g
- น้ำมันพืช: 20 g
พลังงาน: 720 kcal
โปรตีน: 38 g
ไขมัน: 42 g
คาร์โบไฮเดรต: 28 g"
ผัด,7,2,ไก่ผัดเม็ดมะม่วงหิมพานต์,620,32,38,35,"เมนู: ไก่ผัดเม็ดมะม่วงหิมพานต์
ส่วนประกอบ:
- เนื้อไก่: 180 g
- เม็ดมะม่วงหิมพานต์: 40 g
- หัวหอมใหญ่: 60 g
- พริกหวาน: 50 g
พลังงาน: 620 kcal
โปรตีน: 32 g
ไขมัน: 38 g
คาร์โบไฮเดรต: 35 g"
ผัด,7,3,ผัดกะเพราไก่,520,32,28,25,"เมนู: ผัดกะเพราไก่
ส่วนประกอบ:
- เนื้อไก่: 150 g
- เม็ดมะม่วงหิมพานต์: 30 g
- ใบกะเพรา: 15 g
- พริกหวาน: 50 g
- หัวหอมใหญ่: 40 g
- พริกแดง: 10 g
พลังงาน: 520 kcal
โปรตีน: 32 g
ไขมัน: 28 g
คาร์โบไฮเดรต: 25 g"
ผัด,7,4,ไก่ผัดเม็ดมะม่วงหิมพานต์,720,38,42,48,"เมนู: ไก่ผัดเม็ดมะม่วงหิมพานต์
ส่วนประกอบ:
- เนื้อไก่ทอด: 180 g
- เม็ดมะม่วงหิมพานต์: 40 g
- พริกหวาน: 60 g
- หัวหอม: 50 g
- แครอท: 40 g
- พริกชี้ฟ้า: 20 g
พลังงาน: 720 kcal
โปรตีน: 38 g
ไขมัน: 42 g
คาร์โบไฮเดรต: 48 g"
ผัด,7,5,ไก่ผัดเม็ดมะม่วงหิมพานต์,520,29,28,32,"เมนู: ไก่ผัดเม็ดมะม่วงหิมพานต์
ส่วนประกอบ:
- เนื้อไก่: 150 g
- เม็ดมะม่วงหิมพานต์: 40 g
- พริกหวาน: 60 g
- หัวหอม: 50 g
- ต้นหอม: 30 g
พลังงาน: 520 kcal
โปรตีน: 29 g
ไขมัน: 28 g
คาร์โบไฮเดรต: 32 g"
ผัด,8,1,ผัดเผ็ดกุ้งสตอ,480,28,32,18,"เมนู: ผัดเผ็ดกุ้งสตอ
ส่วนประกอบ:
- กุ้ง: 120 g
- สตอ: 150 g
- พริกแกงแดง: 40 g
- น้ำมันพืช: 25 g
พลังงาน: 480 kcal
โปรตีน: 28 g
ไขมัน: 32 g
คาร์โบไฮเดรต: 18 g"
ผัด,8,2,ผัดกะเพราหมู,480,28,32,18,"เมนู: ผัดกะเพราหมู
ส่วนประกอบ:
- หมูสันคอ: 150 g
- ใบกะเพรา: 25 g
- พริกแดง: 15 g
- หอมใหญ่: 30 g
- ลูกพริกไทยอ่อน: 20 g
พลังงาน: 480 kcal
โปรตีน: 28 g
ไขมัน: 32 g
คาร์โบไฮเดรต: 18 g"
ผัด,8,3,ปลาผัดพริกแกง,520,32,35,18,"เมนู: ปลาผัดพริกแกง
ส่วนประกอบ:
- ปลา: 150 g
- ถั่วฝักยาว: 50 g
- พริกแดง: 20 g
- พริกแกง: 30 g
- ไข่ต้ม: 50 g
พลังงาน: 520 kcal
โปรตีน: 32 g
ไขมัน: 35 g
คาร์โบไฮเดรต: 18 g"
ผัด,8,4,กุ้งผัดพริกแกง,380,28,22,15,"เมนู: กุ้งผัดพริกแกง
ส่วนประกอบ:
- กุ้ง: 150 g
- พริกแกงแดง: 40 g
- พริกหยวก: 60 g
- ถั่วฝักยาว: 50 g
พลังงาน: 380 kcal
โปรตีน: 28 g
ไขมัน: 22 g
คาร์โบไฮเดรต: 15 g"
ผัด,8,5,ข้าวราดผัดพริกขิงหมู,720,28,28,82,"เมนู: ข้าวราดผัดพริกขิงหมู
ส่วนประกอบ:
- ข้าวสวย: 250 g
- หมูสันใน: 120 g
- ถั่วฝักยาว: 40 g
- พริกแดง: 15 g
- น้ำมันพืช: 15 g
พลังงาน: 720 kcal
โปรตีน: 28 g
ไขมัน: 28 g
คาร์โบไฮเดรต: 82 g"
ผัด,9,1,หมูกรอบผัดพริกเกลือ,720,32,48,25,"เมนู: หมูกรอบผัดพริกเกลือ
ส่วนประกอบ:
- หมูกรอบ: 180 g
- พริกหยวกสามสี: 90 g
- ถั่วลันเตา: 40 g
- ต้นหอม: 30 g
พลังงาน: 720 kcal
โปรตีน: 32 g
ไขมัน: 48 g
คาร์โบไฮเดรต: 25 g"
ผัด,9,2,หมูผัดพริกไทยอ่อน,480,32,28,18,"เมนู: หมูผัดพริกไทยอ่อน
ส่วนประกอบ:
- หมูสันนอก: 150 g
- หัวหอมใหญ่: 50 g
- ต้นหอม: 40 g
- พริกไทยอ่อน: 30 g
- พริกแดง: 15 g
- น้ำมันพืช: 15 g
พลังงาน: 480 kcal
โปรตีน: 32 g
ไขมัน: 28 g
คาร์โบไฮเดรต: 18 g"
ผัด,9,3,หมูผัดพริกไทยดำ,480,29,35,7,"เมนู: หมูผัดพริกไทยดำ
ส่วนประกอบ:
- หมูสามชั้น: 180 g
- น้ำมันพืช: 15 g
- ซอสปรุงรส: 20 g
- พริกไทยดำ: 5 g
- ผักสด: 50 g
พลังงาน: 480 kcal
โปรตีน: 29 g
ไขมัน: 35 g
คาร์โบไฮเดรต: 7 g"
ผัด,9,4,ไก่ผัดพริกเกลือ,720,38,42,35,"เมนู: ไก่ผัดพริกเกลือ
ส่วนประกอบ:
- ไก่ทอด: 250 g
- พริกหยวก: 100 g
- หัวหอม: 80 g
- ซอสปรุงรส: 30 g
พลังงาน: 720 kcal
โปรตีน: 38 g
ไขมัน: 42 g
คาร์โบไฮเดรต: 35 g"
ผัด,9,5,ปลาผัดพริกไทยดำ,420,28,22,18,"เมนู: ปลาผัดพริกไทยดำ
ส่วนประกอบ:
- ปลา: 150 g
- พริกหวานรวม: 100 g
- หอมใหญ่: 50 g
พลังงาน: 420 kcal
โปรตีน: 28 g
ไขมัน: 22 g
คาร์โบไฮเดรต: 18 g"
ผัด,26,1,ผัดผักบุ้งหมู,580,28,18,72,"เมนู: ผัดผักบุ้งหมู
ส่วนประกอบ:
- ข้าวสวย: 250 g
- หมูสันใน: 80 g
- ผักบุ้ง: 120 g
- น้ำมันพืช: 15 g
พลังงาน: 580 kcal
โปรตีน: 28 g
ไขมัน: 18 g
คาร์โบไฮเดรต: 72 g"
ผัด,26,2,ผัดคะน้า,220,5,15,12,"เมนู: ผัดคะน้า
ส่วนประกอบ:
- คะน้า: 250 g
- กระเทียม: 10 g
- น้ำมันพืช: 15 g
พลังงาน: 220 kcal
โปรตีน: 5 g
ไขมัน: 15 g
คาร์โบไฮเดรต: 12 g"
ผัด,26,3,ผัดคะน้า,190,5,13,12,"เมนู: ผัดคะน้า
ส่วนประกอบ:
- คะน้า: 250 g
- กระเทียม: 15 g
- น้ำมันพืช: 15 g
พลังงาน: 190 kcal
โปรตีน: 5 g
ไขมัน: 13 g
คาร์โบไฮเดรต: 12 g"
ผัด,26,4,ผัดคะน้า,210,6,14,12,"เมนู: ผัดคะน้า
ส่วนประกอบ:
- คะน้า: 220 g
- กระเทียม: 15 g
- น้ำมันพืช: 20 g
- ซอสหอยนางรม: 25 g
พลังงาน: 210 kcal
โปรตีน: 6 g
ไขมัน: 14 g
คาร์โบไฮเดรต: 12 g"
ผัด,26,5,ผัดคะน้าหมู,260,14,19,8,"เมนู: ผัดคะน้าหมู
ส่วนประกอบ:
- คะน้า: 180 g
- หมูสันใน: 50 g
- น้ำมันพืช: 20 g
พลังงาน: 260 kcal
โปรตีน: 14 g
ไขมัน: 19 g
คาร์โบไฮเดรต: 8 g"
ผัด,34,1,ผักบุ้งผัดไฟแดง,195,5,13,12,"เมนู: ผักบุ้งผัดไฟแดง
ส่วนประกอบ:
- ผักบุ้ง: 220 g
- น้ำมันพืช: 15 g
- กระเทียม: 10 g
- พริกแดง: 5 g
- ซอสหอยนางรม: 20 g
พลังงาน: 195 kcal
โปรตีน: 5 g
ไขมัน: 13 g
คาร์โบไฮเดรต: 12 g"
ผัด,34,2,ผัดผักบุ้ง,185,5,12,14,"เมนู: ผัดผักบุ้ง
ส่วนประกอบ:
- ผักบุ้ง: 220 g
- น้ำมันพืช: 15 g
- กระเทียม: 10 g
- พริกแดง: 5 g
- ซอสหอยนางรม: 20 g
พลังงาน: 185 kcal
โปรตีน: 5 g
ไขมัน: 12 g
คาร์โบไฮเดรต: 14 g"
ผัด,34,3,ผัดผักบุ้ง,175,5,12,8,"เมนู: ผัดผักบุ้ง
ส่วนประกอบ:
- ผักบุ้ง: 180 g
- กระเทียม: 10 g
- พริกแดง: 5 g
- น้ำมันพืช: 15 g
พลังงาน: 175 kcal
โปรตีน: 5 g
ไขมัน: 12 g
คาร์โบไฮเดรต: 8 g"
ผัด,34,4,ผัดผักบุ้ง,180,4,12,10,"เมนู: ผัดผักบุ้ง
ส่วนประกอบ:
- ผักบุ้ง: 200 g
- น้ำมันพืช: 15 g
- กระเทียม: 10 g
- พริกแดง: 5 g
พลังงาน: 180 kcal
โปรตีน: 4 g
ไขมัน: 12 g
คาร์โบไฮเดรต: 10 g"
ผัด,34,5,ผัดผักบุ้ง,180,4,12,8,"เมนู: ผัดผักบุ้ง
ส่วนประกอบ:
- ผักบุ้ง: 250 g
พลังงาน: 180 kcal
โปรตีน: 4 g
ไขมัน: 12 g
คาร์โบไฮเดรต: 8 g"
ผัด,45,1,ผัดกะหล่ำปลี,260,6,17,22,"เมนู: ผัดกะหล่ำปลี
ส่วนประกอบ:
- กะหล่ำปลี: 350 g
- น้ำมันพืช: 15 g
- กระเทียมเจียว: 10 g
พลังงาน: 260 kcal
โปรตีน: 6 g
ไขมัน: 17 g
คาร์โบไฮเดรต: 22 g"
ผัด,45,2,กะหล่ำปลีผัด,195,3,15,14,"เมนู: กะหล่ำปลีผัด
ส่วนประกอบ:
- กะหล่ำปลี: 250 g
- น้ำมันพืช: 15 g
- กระเทียม: 10 g
พลังงาน: 195 kcal
โปรตีน: 3 g
ไขมัน: 15 g
คาร์โบไฮเดรต: 14 g"
ผัด,45,3,ผัดกะหล่ำปลี,180,4,12,12,"เมนู: ผัดกะหล่ำปลี
ส่วนประกอบ:
- กะหล่ำปลี: 300 g
พลังงาน: 180 kcal
โปรตีน: 4 g
ไขมัน: 12 g
คาร์โบไฮเดรต: 12 g"
ผัด,45,4,กะหล่ำปลีผัดกระเทียม,220,4,16,15,"เมนู: กะหล่ำปลีผัดกระเทียม
ส่วนประกอบ:
- กะหล่ำปลี: 250 g
- กระเทียม: 15 g
- น้ำมันพืช: 20 g
พลังงาน: 220 kcal
โปรตีน: 4 g
ไขมัน: 16 g
คาร์โบไฮเดรต: 15 g"
ผัด,45,5,ผัดกะหล่ำปลี,320,18,22,15,"เมนู: ผัดกะหล่ำปลี
ส่วนประกอบ:
- กะหล่ำปลี: 250 g
- กุ้งแห้ง: 20 g
- อัลมอนด์: 15 g
- น้ำมันพืช: 15 g
พลังงาน: 320 kcal
โปรตีน: 18 g
ไขมัน: 22 g
คาร์โบไฮเดรต: 15 g"
ผัด,51,1,ข้าวกะเพราหมูสับ,550,25,20,65,"เมนู: ข้าวกะเพราหมูสับ
ส่วนประกอบ:
- ข้าวสวย: 200 g
- หมูสับ: 120 g
- ใบกะเพรา: 10 g
พลังงาน: 550 kcal
โปรตีน: 25 g
ไขมัน: 20 g
คาร์โบไฮเดรต: 65 g"
ผัด,51,2,ข้าวกะเพราหมู,720,32,28,75,"เมนู: ข้าวกะเพราหมู
ส่วนประกอบ:
- ข้าวสวย: 250 g
- หมูสามชั้น: 120 g
- ใบกะเพรา: 15 g
- พริกแดง: 10 g
- กระเทียม: 8 g
พลังงาน: 720 kcal
โปรตีน: 32 g
ไขมัน: 28 g
คาร์โบไฮเดรต: 75 g"
ผัด,51,3,ผัดกะเพราหมูสับ,480,28,35,12,"เมนู: ผัดกะเพราหมูสับ
ส่วนประกอบ:
- หมูสับ: 150 g
- ใบกะเพรา: 80 g
- พริกแดง: 15 g
- กระเทียม: 10 g
พลังงาน: 480 kcal
โปรตีน: 28 g
ไขมัน: 35 g
คาร์โบไฮเดรต: 12 g"
ผัด,51,4,ข้าวผัดกะเพราหมูสับ,720,38,32,68,"เมนู: ข้าวผัดกะเพราหมูสับ
ส่วนประกอบ:
- ข้าวสวย: 200 g
- หมูสับ: 150 g
- ถั่วฝักยาว: 50 g
- ใบกะเพรา: 20 g
- พริกแดง: 10 g
- ซอสปรุงรส: 20 g
พลังงาน: 720 kcal
โปรตีน: 38 g
ไขมัน: 32 g
คาร์โบไฮเดรต: 68 g"
ผัด,51,5,ข้าวราดผัดกะเพราหมู,750,35,40,65,"เมนู: ข้าวราดผัดกะเพราหมู
ส่วนประกอบ:
- ข้าวสวย: 200 g
- หมูสับ: 150 g
- ใบกะเพรา: 30 g
- พริกแดง: 10 g
- น้ำมันพืช: 20 g
พลังงาน: 750 kcal
โปรตีน: 35 g
ไขมัน: 40 g
คาร์โบไฮเดรต: 65 g"
ผัด,76,1,ปูผัดผงกะหรี่,480,32,28,18,"เมนู: ปูผัดผงกะหรี่
ส่วนประกอบ:
- ปู: 120 g
- ไข่ไก่: 100 g
- หัวหอมใหญ่: 80 g
- ต้นหอม: 20 g
พลังงาน: 480 kcal
โปรตีน: 32 g
ไขมัน: 28 g
คาร์โบไฮเดรต: 18 g"
ผัด,76,2,ปูผัดผงกะหรี่,550,38,32,18,"เมนู: ปูผัดผงกะหรี่
ส่วนประกอบ:
- ปู: 250 g
พลังงาน: 550 kcal
โปรตีน: 38 g
ไขมัน: 32 g
คาร์โบไฮเดรต: 18 g"
ผัด,76,3,หมึกผัดไข่,480,38,32,8,"เมนู: หมึกผัดไข่
ส่วนประกอบ:
- หมึกสด: 150 g
- ไข่ไก่: 100 g
- หัวหอมใหญ่: 50 g
- ต้นหอม: 20 g
- น้ำมันพืช: 15 g
พลังงาน: 480 kcal
โปรตีน: 38 g
ไขมัน: 32 g
คาร์โบไฮเดรต: 8 g"
ผัด,76,4,ปูผัดผงกะหรี่,650,45,40,15,"เมนู: ปูผัดผงกะหรี่
ส่วนประกอบ:
- ปู: 150 g
- ไข่ไก่: 100 g
- หัวหอม: 50 g
- พริกแดง: 20 g
- ต้นหอม: 30 g
พลังงาน: 650 kcal
โปรตีน: 45 g
ไขมัน: 40 g
คาร์โบไฮเดรต: 15 g"
ผัด,76,5,ผัดผงกะหรี่ทะเล,480,32,28,12,"เมนู: ผัดผงกะหรี่ทะเล
ส่วนประกอบ:
- กุ้ง: 80 g
- หมูสับ: 60 g
- ไข่ไก่: 100 g
- ต้นหอม: 30 g
- ผงกะหรี่: 10 g
- น้ำมันพืช: 20 g
พลังงาน: 480 kcal
โปรตีน: 32 g
ไขมัน: 28 g
คาร์โบไฮเดรต: 12 g"
ผัด,79,1,หอยลายผัดกะเพรา,320,28,12,18,"เมนู: หอยลายผัดกะเพรา
ส่วนประกอบ:
- หอยลาย: 150 g
- พริกแดง: 40 g
- ใบกะเพรา: 20 g
- พริกไทยอ่อน: 15 g
- ใบมะกรูด: 10 g
พลังงาน: 320 kcal
โปรตีน: 28 g
ไขมัน: 12 g
คาร์โบไฮเดรต: 18 g"
ผัด,79,2,ตีนไก่ผัดพริกไทยอ่อน,380,28,24,12,"เมนู: ตีนไก่ผัดพริกไทยอ่อน
ส่วนประกอบ:
- ตีนไก่: 180 g
- พริกไทยอ่อน: 40 g
- พริกแดง: 25 g
- ใบกะเพรา: 15 g
- หอมแดง: 20 g
พลังงาน: 380 kcal
โปรตีน: 28 g
ไขมัน: 24 g
คาร์โบไฮเดรต: 12 g"
ผัด,79,3,ปลาผัดขิง,350,32,20,8,"เมนู: ปลาผัดขิง
ส่วนประกอบ:
- ปลาเนื้อขาว: 180 g
- ขิง: 30 g
- พริกแดง: 15 g
- พริกไทยอ่อน: 10 g
- น้ำมันพืช: 15 g
พลังงาน: 350 kcal
โปรตีน: 32 g
ไขมัน: 20 g
คาร์โบไฮเดรต: 8 g"
ผัด,79,4,ผัดกะเพราปลา,520,32,28,22,"เมนู: ผัดกะเพราปลา
ส่วนประกอบ:
- ปลา: 150 g
- ถั่วลันเตา: 50 g
- แครอท: 40 g
- พริกแดง: 30 g
- ใบกะเพรา: 20 g
พลังงาน: 520 kcal
โปรตีน: 32 g
ไขมัน: 28 g
คาร์โบไฮเดรต: 22 g"
ผัด,79,5,หอยลายผัดกะเพรา,320,28,18,12,"เมนู: หอยลายผัดกะเพรา
ส่วนประกอบ:
- หอยลาย: 180 g
- ใบกะเพรา: 25 g
- พริกแดง: 15 g
- กระเทียม: 10 g
- น้ำมันพืช: 15 g
พลังงาน: 320 kcal
โปรตีน: 28 g
ไขมัน: 18 g
คาร์โบไฮเดรต: 12 g"
ผัด,82,1,ปลาหมึกผัดพริกเผา,320,28,18,12,"เมนู: ปลาหมึกผัดพริกเผา
ส่วนประกอบ:
- ปลาหมึก: 150 g
- มะเขือเทศ: 80 g
- ต้นหอม: 50 g
- หัวหอม: 40 g
พลังงาน: 320 kcal
โปรตีน: 28 g
ไขมัน: 18 g
คาร์โบไฮเดรต: 12 g"
ผัด,82,2,หมึกผัดขิง,380,32,15,18,"เมนู: หมึกผัดขิง
ส่วนประกอบ:
- หมึก: 200 g
- ขิง: 50 g
- ผักต่างๆ: 100 g
พลังงาน: 380 kcal
โปรตีน: 32 g
ไขมัน: 15 g
คาร์โบไฮเดรต: 18 g"
ผัด,82,3,ผัดปลาหมึกเต้าหู้,480,38,28,15,"เมนู: ผัดปลาหมึกเต้าหู้
ส่วนประกอบ:
- ปลาหมึก: 150 g
- เต้าหู้: 80 g
- น้ำมันพืช: 20 g
- พริกเครื่องเทศ: 30 g
พลังงาน: 480 kcal
โปรตีน: 38 g
ไขมัน: 28 g
คาร์โบไฮเดรต: 15 g"
ผัด,82,4,ปลาหมึกผัดไข่เค็ม,520,38,32,12,"เมนู: ปลาหมึกผัดไข่เค็ม
ส่วนประกอบ:
- ปลาหมึก: 250 g
- ไข่เค็ม: 80 g
- น้ำมันพืช: 25 g
พลังงาน: 520 kcal
โปรตีน: 38 g
ไขมัน: 32 g
คาร์โบไฮเดรต: 12 g"
ผัด,82,5,ปลาหมึกผัดผงกะหรี่,380,28,22,15,"เมนู: ปลาหมึกผัดผงกะหรี่
ส่วนประกอบ:
- ปลาหมึก: 150 g
- หัวหอมใหญ่: 50 g
- ต้นหอม: 20 g
- พริกแดง: 10 g
- ผงกะหรี่: 15 g
- นมข้นจืด: 50 g
พลังงาน: 380 kcal
โปรตีน: 28 g
ไขมัน: 22 g
คาร์โบไฮเดรต: 15 g"
ยำลาบย่าง,6,1,ลาบหมู,480,38,32,8,"เมนู: ลาบหมู
ส่วนประกอบ:
- หมูสับ: 250 g
- หอมเจียว: 15 g
- พริกแห้ง: 5 g
- ผักชี: 10 g
พลังงาน: 480 kcal
โปรตีน: 38 g
ไขมัน: 32 g
คาร์โบไฮเดรต: 8 g"
ยำลาบย่าง,6,2,ลาบหมู,450,28,32,12,"เมนู: ลาบหมู
ส่วนประกอบ:
- หมูสับ: 150 g
- ใบสะระแหน่: 30 g
- แตงกวา: 50 g
- หอมเจียว: 20 g
พลังงาน: 450 kcal
โปรตีน: 28 g
ไขมัน: 32 g
คาร์โบไฮเดรต: 12 g"
ยำลาบย่าง,6,3,ผัดหมูใส่กุ้งทอด,520,32,38,18,"เมนู: ผัดหมูใส่กุ้งทอด
ส่วนประกอบ:
- หมูสับ: 150 g
- กุ้งทอด: 80 g
- พริกแห้ง: 10 g
- ต้นหอม: 20 g
พลังงาน: 520 kcal
โปรตีน: 32 g
ไขมัน: 38 g
คาร์โบไฮเดรต: 18 g"
ยำลาบย่าง,6,4,ลาบหมู,450,32,35,8,"เมนู: ลาบหมู
ส่วนประกอบ:
- หมูสับ: 200 g
พลังงาน: 450 kcal
โปรตีน: 32 g
ไขมัน: 35 g
คาร์โบไฮเดรต: 8 g"
ยำลาบย่าง,6,5,ลาบหมู,480,32,35,8,"เมนู: ลาบหมู
ส่วนประกอบ:
- หมูสับ: 220 g
- ผักชี: 40 g
- หอมแดง: 25 g
- พริกแห้ง: 10 g
พลังงาน: 480 kcal
โปรตีน: 32 g
ไขมัน: 35 g
คาร์โบไฮเดรต: 8 g"
ยำลาบย่าง,29,1,ยำวุ้นเส้นทะเล,320,22,8,38,"เมนู: ยำวุ้นเส้นทะเล
ส่วนประกอบ:
- วุ้นเส้น: 80 g
- กุ้ง: 60 g
- หมึก: 50 g
- หูหมูดำ: 20 g
- หอมแดง: 30 g
พลังงาน: 320 kcal
โปรตีน: 22 g
ไขมัน: 8 g
คาร์โบไฮเดรต: 38 g"
ยำลาบย่าง,29,2,ยำวุ้นเส้น,480,22,18,45,"เมนู: ยำวุ้นเส้น
ส่วนประกอบ:
- วุ้นเส้น: 80 g
- กุ้ง: 60 g
- ไข่ต้ม: 50 g
- ถั่วลิสง: 30 g
- ผักกาดขาว: 50 g
พลังงาน: 480 kcal
โปรตีน: 22 g
ไขมัน: 18 g
คาร์โบไฮเดรต: 45 g"
ยำลาบย่าง,29,3,ยำวุ้นเส้นทะเล,320,28,8,35,"เมนู: ยำวุ้นเส้นทะเล
ส่วนประกอบ:
- วุ้นเส้น: 50 g
- กุ้ง: 80 g
- ปลาหมึก: 60 g
- ขึ้นฉ่าย: 40 g
- หอมแดง: 20 g
พลังงาน: 320 kcal
โปรตีน: 28 g
ไขมัน: 8 g
คาร์โบไฮเดรต: 35 g"
ยำลาบย่าง,29,4,ยำวุ้นเส้นกุ้งหมูสับ,420,24,17,38,"เมนู: ยำวุ้นเส้นกุ้งหมูสับ
ส่วนประกอบ:
- วุ้นเส้น: 80 g
- กุ้ง: 60 g
- หมูบด: 70 g
- แครอท: 30 g
- หอมแดง: 20 g
- ผักใบเขียว: 40 g
พลังงาน: 420 kcal
โปรตีน: 24 g
ไขมัน: 17 g
คาร์โบไฮเดรต: 38 g"
ยำลาบย่าง,29,5,ยำวุ้นเส้น,480,19,24,38,"เมนู: ยำวุ้นเส้น
ส่วนประกอบ:
- วุ้นเส้น: 50 g
- หมูสับ: 40 g
- ไส้กรอก: 50 g
- ถั่วลิสง: 25 g
- มะเขือเทศ: 60 g
- หัวหอมแดง: 20 g
พลังงาน: 480 kcal
โปรตีน: 19 g
ไขมัน: 24 g
คาร์โบไฮเดรต: 38 g"
ยำลาบย่าง,36,1,ยำหอยนางรมมะม่วง,320,22,12,28,"เมนู: ยำหอยนางรมมะม่วง
ส่วนประกอบ:
- หอยนางรม: 180 g
- มะม่วง: 90 g
- หอมแดง: 25 g
- ผักชี: 10 g
พลังงาน: 320 kcal
โปรตีน: 22 g
ไขมัน: 12 g
คาร์โบไฮเดรต: 28 g"
ยำลาบย่าง,36,2,ยำปลาทอด,380,28,22,12,"เมนู: ยำปลาทอด
ส่วนประกอบ:
- ปลา: 150 g
- หอมแดง: 40 g
- พริกแดง: 30 g
- ใบสะระแหน่: 20 g
- น้ำยำ: 50 g
พลังงาน: 380 kcal
โปรตีน: 28 g
ไขมัน: 22 g
คาร์โบไฮเดรต: 12 g"
ยำลาบย่าง,36,3,ยำปลาหมึก,320,28,12,18,"เมนู: ยำปลาหมึก
ส่วนประกอบ:
- ปลาหมึก: 150 g
- ผักกาดหอม: 80 g
- ใบสะระแหน่: 40 g
- หอมเจียว: 20 g
- พริกขี้หนู: 15 g
พลังงาน: 320 kcal
โปรตีน: 28 g
ไขมัน: 12 g
คาร์โบไฮเดรต: 18 g"
ยำลาบย่าง,36,4,ผัดกะเพราหอยแมลงภู่,420,28,22,18,"เมนู: ผัดกะเพราหอยแมลงภู่
ส่วนประกอบ:
- หอยแมลงภู่: 180 g
- ใบกะเพรา: 40 g
- พริกแดง: 15 g
- กระเทียม: 10 g
- หอมแดง: 20 g
พลังงาน: 420 kcal
โปรตีน: 28 g
ไขมัน: 22 g
คาร์โบไฮเดรต: 18 g"
ยำลาบย่าง,36,5,หอยแครงผัดกะเพรา,420,32,24,12,"เมนู: หอยแครงผัดกะเพรา
ส่วนประกอบ:
- หอยแครง: 250 g
- ใบกะเพรา: 40 g
- พริกแดง: 25 g
- กระเทียม: 15 g
- หอมแดง: 30 g
- น้ำมันพืช: 25 g
พลังงาน: 420 kcal
โปรตีน: 32 g
ไขมัน: 24 g
คาร์โบไฮเดรต: 12 g"
ยำลาบย่าง,48,1,ไส้กรอกอีสาน,620,28,45,25,"เมนู: ไส้กรอกอีสาน
ส่วนประกอบ:
- เนื้อหมูสับ: 250 g
- ข้าวเหนียวสุก: 80 g
- กระเทียมและเครื่องเทศ: 30 g
พลังงาน: 620 kcal
โปรตีน: 28 g
ไขมัน: 45 g
คาร์โบไฮเดรต: 25 g"
ยำลาบย่าง,48,2,ไส้กรอกอีสาน,920,48,62,35,"เมนู: ไส้กรอกอีสาน
ส่วนประกอบ:
- หมูสับ: 250 g
- ข้าวสวย: 60 g
- กระเทียม: 15 g
- พริกขี้หนู: 5 g
- ใบมะกรูด: 5 g
พลังงาน: 920 kcal
โปรตีน: 48 g
ไขมัน: 62 g
คาร์โบไฮเดรต: 35 g"
ยำลาบย่าง,48,3,ไส้กรอกอีสาน,850,38,65,25,"เมนู: ไส้กรอกอีสาน
ส่วนประกอบ:
- เนื้อหมู: 250 g
- ข้าวเหนียว: 50 g
- กระเทียม: 20 g
พลังงาน: 850 kcal
โปรตีน: 38 g
ไขมัน: 65 g
คาร์โบไฮเดรต: 25 g"
ยำลาบย่าง,48,4,ไส้อั่ว,520,26,44,8,"เมนู: ไส้อั่ว
ส่วนประกอบ:
- หมูสับ: 180 g
- เครื่องเทศและสมุนไพร: 40 g
พลังงาน: 520 kcal
โปรตีน: 26 g
ไขมัน: 44 g
คาร์โบไฮเดรต: 8 g"
ยำลาบย่าง,48,5,ไส้กรอกอีสานทอด,620,28,48,15,"เมนู: ไส้กรอกอีสานทอด
ส่วนประกอบ:
- ไส้กรอกอีสานทอด: 180 g
- ผักกาดหอม: 50 g
- ขิงแว่น: 30 g
- น้ำจิ้มแจ่ว: 40 g
พลังงาน: 620 kcal
โปรตีน: 28 g
ไขมัน: 48 g
คาร์โบไฮเดรต: 15 g"
ยำลาบย่าง,49,1,ทอดมันปลา,720,28,38,62,"เมนู: ทอดมันปลา
ส่วนประกอบ:
- ปลากราย: 150 g
- แป้งทอด: 80 g
- มะม่วงส้ม: 100 g
- หัวหอมแดง: 50 g
- พริกแดง: 20 g
- ผักชีฝรั่ง: 30 g
- เม็ดมะม่วงหิมพานต์: 30 g
พลังงาน: 720 kcal
โปรตีน: 28 g
ไขมัน: 38 g
คาร์โบไฮเดรต: 62 g"
ยำลาบย่าง,49,2,ขนมเบื้อง,480,14,26,48,"เมนู: ขนมเบื้อง
ส่วนประกอบ:
- แป้งข้าวเจ้า: 120 g
- ไข่ไก่: 60 g
- เม็ดมะม่วงหิมพานต์: 30 g
- น้ำมันพืช: 25 g
พลังงาน: 480 kcal
โปรตีน: 14 g
ไขมัน: 26 g
คาร์โบไฮเดรต: 48 g"
ยำลาบย่าง,49,3,หมูทอดกรอบ,850,42,55,35,"เมนู: หมูทอดกรอบ
ส่วนประกอบ:
- หมูสับ: 250 g
พลังงาน: 850 kcal
โปรตีน: 42 g
ไขมัน: 55 g
คาร์โบไฮเดรต: 35 g"
ยำลาบย่าง,49,4,ปลาดุกฟู,520,32,35,18,"เมนู: ปลาดุกฟู
ส่วนประกอบ:
- ปลาดุก: 150 g
- มะม่วงดิบ: 80 g
- หัวหอมแดง: 30 g
- ถั่วลิสง: 20 g
- พริกแห้ง: 5 g
พลังงาน: 520 kcal
โปรตีน: 32 g
ไขมัน: 35 g
คาร์โบไฮเดรต: 18 g"
ยำลาบย่าง,49,5,หมูแดดเดียวทอดกรอบ,720,32,52,18,"เมนู: หมูแดดเดียวทอดกรอบ
ส่วนประกอบ:
- หมูแดดเดียว: 180 g
- น้ำมันพืช: 45 g
- ผักสด: 80 g
พลังงาน: 720 kcal
โปรตีน: 32 g
ไขมัน: 52 g
คาร์โบไฮเดรต: 18 g"
ยำลาบย่าง,85,1,ไก่ย่าง,350,35,18,10,"เมนู: ไก่ย่าง
ส่วนประกอบ:
- ไก่ย่าง: 180 g
- น้ำจิ้ม: 60 g
- ผักสด: 80 g
พลังงาน: 350 kcal
โปรตีน: 35 g
ไขมัน: 18 g
คาร์โบไฮเดรต: 10 g"
ยำลาบย่าง,85,2,สะเต๊ะหมู,920,48,62,35,"เมนู: สะเต๊ะหมู
ส่วนประกอบ:
- หมูหมัก: 250 g
- น้ำจิ้มถั่ว: 150 g
- แตงกวา: 80 g
- หัวหอมแดง: 30 g
พลังงาน: 920 kcal
โปรตีน: 48 g
ไขมัน: 62 g
คาร์โบไฮเดรต: 35 g"
ยำลาบย่าง,85,3,สะเต๊ะไก่,480,38,28,15,"เมนู: สะเต๊ะไก่
ส่วนประกอบ:
- เนื้อไก่: 220 g
- น้ำจิ้มถั่ว: 60 g
- แตงกวา: 80 g
พลังงาน: 480 kcal
โปรตีน: 38 g
ไขมัน: 28 g
คาร์โบไฮเดรต: 15 g"
ยำลาบย่าง,85,4,สะเต๊ะไก่,480,32,28,18,"เมนู: สะเต๊ะไก่
ส่วนประกอบ:
- เนื้อไก่: 150 g
- น้ำจิ้มสะเต๊ะ: 60 g
- แตงกวา: 50 g
- หัวหอมแดง: 20 g
- พริกสด: 10 g
พลังงาน: 480 kcal
โปรตีน: 32 g
ไขมัน: 28 g
คาร์โบไฮเดรต: 18 g"
ยำลาบย่าง,85,5,ไก่สะเต๊ะ,520,38,32,22,"เมนู: ไก่สะเต๊ะ
ส่วนประกอบ:
- เนื้อไก่: 180 g
- น้ำจิ้มสะเต๊ะ: 80 g
- อาจาด: 70 g
พลังงาน: 520 kcal
โปรตีน: 38 g
ไขมัน: 32 g
คาร์โบไฮเดรต: 22 g"
ยำลาบย่าง,88,1,ลาบหมู,340,27,23,7,"เมนู: ลาบหมู
ส่วนประกอบ:
- หมูบด: 180 g
- หัวหอมแดง: 40 g
- ใบสมุนไพร: 80 g
- พริกแห้ง: 10 g
พลังงาน: 340 kcal
โปรตีน: 27 g
ไขมัน: 23 g
คาร์โบไฮเดรต: 7 g"
ยำลาบย่าง,88,2,ลาบหมู,380,29,25,9,"เมนู: ลาบหมู
ส่วนประกอบ:
- หมูสับ: 150 g
- หอมแดง: 30 g
- ใบสะระแหน่: 20 g
- ต้นหอม: 15 g
- พริกแห้งป่น: 5 g
พลังงาน: 380 kcal
โปรตีน: 29 g
ไขมัน: 25 g
คาร์โบไฮเดรต: 9 g"
ยำลาบย่าง,88,3,ยำหมูกรอบ,480,28,35,12,"เมนู: ยำหมูกรอบ
ส่วนประกอบ:
- หมูกรอบ: 150 g
- หอมแดง: 30 g
- ต้นหอม: 15 g
- ใบสะระแหน่: 15 g
- ถั่วลิสง: 10 g
พลังงาน: 480 kcal
โปรตีน: 28 g
ไขมัน: 35 g
คาร์โบไฮเดรต: 12 g"
ยำลาบย่าง,88,4,ยำหมู,340,28,22,8,"เมนู: ยำหมู
ส่วนประกอบ:
- หมูสับ: 100 g
- หมูชิ้น: 60 g
- หัวหอม: 30 g
- ต้นหอม: 20 g
- ผักชี: 15 g
- น้ำยำ: 40 g
พลังงาน: 340 kcal
โปรตีน: 28 g
ไขมัน: 22 g
คาร์โบไฮเดรต: 8 g"
ยำลาบย่าง,88,5,ลาบหมู,380,28,22,12,"เมนู: ลาบหมู
ส่วนประกอบ:
- หมูบด: 180 g
- หอมแดง: 40 g
- ต้นหอม: 25 g
- ใบมิ้นต์: 15 g
- กะหล่ำปลีซอย: 60 g
- แครอทซอย: 40 g
พลังงาน: 380 kcal
โปรตีน: 28 g
ไขมัน: 22 g
คาร์โบไฮเดรต: 12 g"
ยำลาบย่าง,94,1,หมูกรอบ,950,42,85,3,"เมนู: หมูกรอบ
ส่วนประกอบ:
- หมูสามชั้นทอด: 250 g
พลังงาน: 950 kcal
โปรตีน: 42 g
ไขมัน: 85 g
คาร์โบไฮเดรต: 3 g"
ยำลาบย่าง,94,2,คอหมูย่างหนังกรอบ,780,38,68,4,"เมนู: คอหมูย่างหนังกรอบ
ส่วนประกอบ:
- คอหมู: 220 g
- น้ำจิ้มแจ่ว: 40 g
พลังงาน: 780 kcal
โปรตีน: 38 g
ไขมัน: 68 g
คาร์โบไฮเดรต: 4 g"
ยำลาบย่าง,94,3,คอหมูย่าง,620,38,48,8,"เมนู: คอหมูย่าง
ส่วนประกอบ:
- เนื้อหมู: 250 g
- น้ำจิ้ม: 80 g
พลังงาน: 620 kcal
โปรตีน: 38 g
ไขมัน: 48 g
คาร์โบไฮเดรต: 8 g"
ยำลาบย่าง,94,4,หมูย่าง,480,38,30,12,"เมนู: หมูย่าง
ส่วนประกอบ:
- เนื้อหมูย่าง: 180 g
- ผักกาดหอม: 80 g
- แตงกวา: 80 g
- ใบโหระพา: 15 g
- ผักชี: 15 g
- น้ำจิ้ม: 40 g
พลังงาน: 480 kcal
โปรตีน: 38 g
ไขมัน: 30 g
คาร์โบไฮเดรต: 12 g"
ยำลาบย่าง,94,5,คอหมูย่าง,430,36,32,0,"เมนู: คอหมูย่าง
ส่วนประกอบ:
- คอหมู: 180 g
พลังงาน: 430 kcal
โปรตีน: 36 g
ไขมัน: 32 g
คาร์โบไฮเดรต: 0 g"
ยำลาบย่าง,95,1,ส้มตำไทย,220,7,9,25,"เมนู: ส้มตำไทย
ส่วนประกอบ:
- มะละกอ: 200 g
- มะเขือเทศ: 50 g
- ถั่วฝักยาว: 30 g
- แครอท: 20 g
- ถั่วลิสง: 20 g
- น้ำยำ: 30 g
พลังงาน: 220 kcal
โปรตีน: 7 g
ไขมัน: 9 g
คาร์โบไฮเดรต: 25 g"
ยำลาบย่าง,95,2,ส้มตำไทย,220,7,4,35,"เมนู: ส้มตำไทย
ส่วนประกอบ:
- มะละกอ: 150 g
- ถั่วฝักยาว: 30 g
- มะเขือเทศ: 40 g
- พริกขี้หนู: 10 g
- กระเทียม: 10 g
- กุ้งแห้ง: 15 g
- น้ำปลา: 15 g
- น้ำมะนาว: 20 g
- น้ำตาลปี๊บ: 10 g
พลังงาน: 220 kcal
โปรตีน: 7 g
ไขมัน: 4 g
คาร์โบไฮเดรต: 35 g"
ยำลาบย่าง,95,3,ส้มตำหมูสับ,380,18,14,42,"เมนู: ส้มตำหมูสับ
ส่วนประกอบ:
- มะละกอสับ: 180 g
- มะเขือเทศ: 50 g
- ถั่วฝักยาว: 25 g
- หมูสับ: 80 g
- ถั่วลิสงคั่ว: 20 g
- พริกขี้หนู: 10 g
พลังงาน: 380 kcal
โปรตีน: 18 g
ไขมัน: 14 g
คาร์โบไฮเดรต: 42 g"
ยำลาบย่าง,95,4,ส้มตำไทย,320,9,14,38,"เมนู: ส้มตำไทย
ส่วนประกอบ:
- มะละกอสับ: 220 g
- มะเขือเทศ: 90 g
- ถั่วฝักยาว: 40 g
- ถั่วลิสง: 25 g
- พริกแดง: 15 g
พลังงาน: 320 kcal
โปรตีน: 9 g
ไขมัน: 14 g
คาร์โบไฮเดรต: 38 g"
ยำลาบย่าง,95,5,ส้มตำทะเล,320,22,14,28,"เมนู: ส้มตำทะเล
ส่วนประกอบ:
- กุ้ง: 80 g
- มะละกอ: 100 g
- ถั่วฝักยาว: 40 g
- มะเขือเทศ: 50 g
- ถั่วลิสง: 20 g
- แครอท: 30 g
พลังงาน: 320 kcal
โปรตีน: 22 g
ไขมัน: 14 g
คาร์โบไฮเดรต: 28 g"
ยำลาบย่าง,96,1,กุ้งย่าง,320,60,7,3,"เมนู: กุ้งย่าง
ส่วนประกอบ:
- กุ้ง: 300 g
พลังงาน: 320 kcal
โปรตีน: 60 g
ไขมัน: 7 g
คาร์โบไฮเดรต: 3 g"
ยำลาบย่าง,96,2,กุ้งมังกรย่าง,450,85,8,5,"เมนู: กุ้งมังกรย่าง
ส่วนประกอบ:
- กุ้งมังกร: 500 g
พลังงาน: 450 kcal
โปรตีน: 85 g
ไขมัน: 8 g
คาร์โบไฮเดรต: 5 g"
ยำลาบย่าง,96,3,กุ้งอบชีส,280,28,16,3,"เมนู: กุ้งอบชีส
ส่วนประกอบ:
- กุ้ง: 150 g
พลังงาน: 280 kcal
โปรตีน: 28 g
ไขมัน: 16 g
คาร์โบไฮเดรต: 3 g"
ยำลาบย่าง,96,4,กุ้งย่าง,320,68,5,2,"เมนู: กุ้งย่าง
ส่วนประกอบ:
- กุ้งแม่น้ำ: 350 g
พลังงาน: 320 kcal
โปรตีน: 68 g
ไขมัน: 5 g
คาร์โบไฮเดรต: 2 g"
ยำลาบย่าง,96,5,กุ้งย่าง,540,120,6,5,"เมนู: กุ้งย่าง
ส่วนประกอบ:
- กุ้ง: 600 g
พลังงาน: 540 kcal
โปรตีน: 120 g
ไขมัน: 6 g
คาร์โบไฮเดรต: 5 g"
เส้น,3,1,ผัดซีอิ๊วหมู,620,26,18,78,"เมนู: ผัดซีอิ๊วหมู
ส่วนประกอบ:
- เส้นใหญ่: 200 g
- หมูสันใน: 80 g
- ผักคะน้า: 100 g
- ไข่ไก่: 50 g
พลังงาน: 620 kcal
โปรตีน: 26 g
ไขมัน: 18 g
คาร์โบไฮเดรต: 78 g"
เส้น,3,2,ผัดซีอิ๊ว,720,32,28,85,"เมนู: ผัดซีอิ๊ว
ส่วนประกอบ:
- เส้นก๋วยเตี๋ยว: 250 g
- เนื้อหมู: 120 g
- ผักคะน้า: 80 g
- ไข่ไก่: 50 g
- น้ำมันพืช: 20 g
พลังงาน: 720 kcal
โปรตีน: 32 g
ไขมัน: 28 g
คาร์โบไฮเดรต: 85 g"
เส้น,3,3,ผัดกะเพราหมู,520,32,38,8,"เมนู: ผัดกะเพราหมู
ส่วนประกอบ:
- หมูสันคอ: 180 g
- ใบกะเพรา: 25 g
- ไข่ไก่: 40 g
- น้ำมันพืช: 20 g
พลังงาน: 520 kcal
โปรตีน: 32 g
ไขมัน: 38 g
คาร์โบไฮเดรต: 8 g"
เส้น,3,4,ผัดหมูใส่ไข่ผัก,520,32,35,18,"เมนู: ผัดหมูใส่ไข่ผัก
ส่วนประกอบ:
- หมูสันนอก: 120 g
- ไข่ไก่: 50 g
- ผักคะน้าและผักบุ้ง: 100 g
พลังงาน: 520 kcal
โปรตีน: 32 g
ไขมัน: 35 g
คาร์โบไฮเดรต: 18 g"
เส้น,3,5,หมูผัดคะน้าใส่ไข่,720,42,48,18,"เมนู: หมูผัดคะน้าใส่ไข่
ส่วนประกอบ:
- หมูสันใน: 150 g
- คะน้า: 120 g
- ไข่ไก่: 100 g
- น้ำมันพืช: 20 g
พลังงาน: 720 kcal
โปรตีน: 42 g
ไขมัน: 48 g
คาร์โบไฮเดรต: 18 g"
เส้น,14,1,ก๋วยเตี๋ยวเรือ,480,22,18,55,"เมนู: ก๋วยเตี๋ยวเรือ
ส่วนประกอบ:
- เส้นบะหมี่: 80 g
- เนื้อหมู: 40 g
- ผักบุ้ง: 20 g
- น้ำซุป: 300 g
พลังงาน: 480 kcal
โปรตีน: 22 g
ไขมัน: 18 g
คาร์โบไฮเดรต: 55 g"
เส้น,14,2,ก๋วยเตี๋ยวเนื้อ,520,38,22,45,"เมนู: ก๋วยเตี๋ยวเนื้อ
ส่วนประกอบ:
- เส้นก๋วยเตี๋ยว: 80 g
- เนื้อวัว: 150 g
- ลูกชิ้นเนื้อ: 60 g
- ผักใบเขียว: 50 g
- เครื่องปรุง: 20 g
พลังงาน: 520 kcal
โปรตีน: 38 g
ไขมัน: 22 g
คาร์โบไฮเดรต: 45 g"
เส้น,14,3,ก๋วยเตี๋ยวเรือ,380,18,9,52,"เมนู: ก๋วยเตี๋ยวเรือ
ส่วนประกอบ:
- เส้นก๋วยเตี๋ยวเส้นใหญ่: 120 g
- เครื่องในหมู: 40 g
- ลูกชิ้นปลา: 30 g
- ผักบุ้ง: 25 g
พลังงาน: 380 kcal
โปรตีน: 18 g
ไขมัน: 9 g
คาร์โบไฮเดรต: 52 g"
เส้น,14,4,ก๋วยเตี๋ยวน้ำหมู,420,24,12,52,"เมนู: ก๋วยเตี๋ยวน้ำหมู
ส่วนประกอบ:
- เส้นข้าว: 70 g
- หมูสับ: 50 g
- ลูกชิ้นหมู: 80 g
- ผักบุ้งและต้นหอม: 60 g
พลังงาน: 420 kcal
โปรตีน: 24 g
ไขมัน: 12 g
คาร์โบไฮเดรต: 52 g"
เส้น,14,5,ก๋วยเตี๋ยวเนื้อ,580,38,27,42,"เมนู: ก๋วยเตี๋ยวเนื้อ
ส่วนประกอบ:
- เส้นก๋วยเตี๋ยว: 80 g
- เนื้อวัว: 150 g
- ลูกชิ้นเนื้อ: 40 g
- ผักบุ้ง: 30 g
- กระเทียมเจียว: 15 g
- หนังหมูทอด: 20 g
พลังงาน: 580 kcal
โปรตีน: 38 g
ไขมัน: 27 g
คาร์โบไฮเดรต: 42 g"
เส้น,19,1,ไข่เจียวเส้นผัด,480,19,24,45,"เมนู: ไข่เจียวเส้นผัด
ส่วนประกอบ:
- ไข่ไก่: 100 g
- เส้นก๋วยเตี๋ยว: 150 g
- ผักกาดขาว: 50 g
- แครอท: 40 g
- ถั่วงอก: 50 g
พลังงาน: 480 kcal
โปรตีน: 19 g
ไขมัน: 24 g
คาร์โบไฮเดรต: 45 g"
เส้น,19,2,ผัดไทยห่อไข่,620,24,28,65,"เมนู: ผัดไทยห่อไข่
ส่วนประกอบ:
- เส้นจันทร์: 150 g
- ไข่ไก่: 100 g
- ถั่วงอก: 50 g
- ต้นหอม: 20 g
- ถั่วลิสง: 15 g
พลังงาน: 620 kcal
โปรตีน: 24 g
ไขมัน: 28 g
คาร์โบไฮเดรต: 65 g"
เส้น,19,3,ไข่เน็ตกุ้ง,480,28,32,18,"เมนู: ไข่เน็ตกุ้ง
ส่วนประกอบ:
- กุ้ง: 80 g
- ไข่: 60 g
- ถั่วงอก: 50 g
- ต้นหอม: 20 g
พลังงาน: 480 kcal
โปรตีน: 28 g
ไขมัน: 32 g
คาร์โบไฮเดรต: 18 g"
เส้น,19,4,ผัดไทยกุ้ง,580,28,22,68,"เมนู: ผัดไทยกุ้ง
ส่วนประกอบ:
- กุ้ง: 80 g
- เส้นหมี่: 150 g
- ไข่: 50 g
- ถั่วงอก: 60 g
พลังงาน: 580 kcal
โปรตีน: 28 g
ไขมัน: 22 g
คาร์โบไฮเดรต: 68 g"
เส้น,19,5,ผัดไทย,550,22,18,75,"เมนู: ผัดไทย
ส่วนประกอบ:
- เส้นก๋วยเตี๋ยว: 150 g
- ไข่ไก่: 60 g
- ถั่วงอก: 100 g
- ต้นหอม: 40 g
- มะนาว: 20 g
พลังงาน: 550 kcal
โปรตีน: 22 g
ไขมัน: 18 g
คาร์โบไฮเดรต: 75 g"
เส้น,37,1,ผัดวุ้นเส้นทะเล,480,32,18,45,"เมนู: ผัดวุ้นเส้นทะเล
ส่วนประกอบ:
- กุ้ง: 80 g
- หมึก: 60 g
- วุ้นเส้น: 50 g
- กะหล่ำปลี: 100 g
- ถั่วฝักยาว: 40 g
พลังงาน: 480 kcal
โปรตีน: 32 g
ไขมัน: 18 g
คาร์โบไฮเดรต: 45 g"
เส้น,37,2,ผัดวุ้นเส้นหมู,520,24,19,62,"เมนู: ผัดวุ้นเส้นหมู
ส่วนประกอบ:
- วุ้นเส้น: 60 g
- หมู: 80 g
- ไข่ไก่: 50 g
- กะหล่ำปลี: 70 g
- ผักคะน้า: 60 g
- ต้นหอม: 40 g
- น้ำมันพืช: 20 g
พลังงาน: 520 kcal
โปรตีน: 24 g
ไขมัน: 19 g
คาร์โบไฮเดรต: 62 g"
เส้น,37,3,ผัดวุ้นเส้นทะเล,480,22,14,58,"เมนู: ผัดวุ้นเส้นทะเล
ส่วนประกอบ:
- วุ้นเส้น: 80 g
- กุ้ง: 60 g
- หมึก: 40 g
- ไข่ไก่: 30 g
- กะหล่ำปลี: 50 g
- ต้นหอม: 20 g
พลังงาน: 480 kcal
โปรตีน: 22 g
ไขมัน: 14 g
คาร์โบไฮเดรต: 58 g"
เส้น,37,4,ผัดกะเพราหมูไข่,450,25,28,15,"เมนู: ผัดกะเพราหมูไข่
ส่วนประกอบ:
- หมูสับ: 80 g
- ไข่ไก่: 50 g
- ใบกะเพรา: 20 g
- ผักกาดขาว: 100 g
- ถั่วฝักยาว: 30 g
- น้ำมันพืช: 15 g
พลังงาน: 450 kcal
โปรตีน: 25 g
ไขมัน: 28 g
คาร์โบไฮเดรต: 15 g"
เส้น,37,5,ผัดวุ้นเส้นกุ้ง,620,28,22,75,"เมนู: ผัดวุ้นเส้นกุ้ง
ส่วนประกอบ:
- วุ้นเส้น: 150 g
- กุ้ง: 80 g
- ไข่ไก่: 60 g
- ผักกะหล่ำปลี: 80 g
- ต้นหอม: 30 g
พลังงาน: 620 kcal
โปรตีน: 28 g
ไขมัน: 22 g
คาร์โบไฮเดรต: 75 g"
เส้น,61,1,เกี๊ยวน้ำ,280,14,9,28,"เมนู: เกี๊ยวน้ำ
ส่วนประกอบ:
- เกี๊ยวหมู: 80 g
- เห็ดหูหนู: 40 g
- ข้าวโพดอ่อน: 30 g
- ผักใบเขียว: 60 g
- เนื้อหมู: 50 g
พลังงาน: 280 kcal
โปรตีน: 14 g
ไขมัน: 9 g
คาร์โบไฮเดรต: 28 g"
เส้น,61,2,แกงจืดหมูผัก,175,23,6,8,"เมนู: แกงจืดหมูผัก
ส่วนประกอบ:
- หมูสันใน: 80 g
- ผักคะน้า: 120 g
- ผักใบเขียวอื่น: 50 g
พลังงาน: 175 kcal
โปรตีน: 23 g
ไขมัน: 6 g
คาร์โบไฮเดรต: 8 g"
เส้น,61,3,แกงจืดผักรวมหมู,320,24,14,18,"เมนู: แกงจืดผักรวมหมู
ส่วนประกอบ:
- หมูสันใน: 100 g
- บร็อกโคลี่: 60 g
- ข้าวโพดอ่อน: 50 g
- แครอท: 40 g
- ผักคะน้า: 80 g
- ต้นหอม: 30 g
พลังงาน: 320 kcal
โปรตีน: 24 g
ไขมัน: 14 g
คาร์โบไฮเดรต: 18 g"
เส้น,61,4,แกงจืดหมู,480,28,35,12,"เมนู: แกงจืดหมู
ส่วนประกอบ:
- หมูสามชั้น: 150 g
- หนังหมูทอด: 50 g
- คะน้า: 80 g
พลังงาน: 480 kcal
โปรตีน: 28 g
ไขมัน: 35 g
คาร์โบไฮเดรต: 12 g"
เส้น,61,5,แกงจืดหมู,520,27,18,62,"เมนู: แกงจืดหมู
ส่วนประกอบ:
- หมู: 120 g
- ผักใบเขียว: 40 g
- ข้าวสวย: 200 g
พลังงาน: 520 kcal
โปรตีน: 27 g
ไขมัน: 18 g
คาร์โบไฮเดรต: 62 g"
เส้น,63,1,ขนมจีนน้ำยา,620,28,22,75,"เมนู: ขนมจีนน้ำยา
ส่วนประกอบ:
- เส้นขนมจีน: 150 g
- น้ำยาปู: 200 g
- หมูสับ: 80 g
- เกี๊ยวทอด: 40 g
- ผักสด: 50 g
พลังงาน: 620 kcal
โปรตีน: 28 g
ไขมัน: 22 g
คาร์โบไฮเดรต: 75 g"
เส้น,63,2,เกี๊ยวน้ำลูกชิ้น,320,16,10,38,"เมนู: เกี๊ยวน้ำลูกชิ้น
ส่วนประกอบ:
- เกี๊ยวหมู: 80 g
- ลูกชิ้นปลา: 60 g
- เส้นแก้ว: 40 g
- มะเขือเทศ: 50 g
- ผักต่างๆ: 30 g
พลังงาน: 320 kcal
โปรตีน: 16 g
ไขมัน: 10 g
คาร์โบไฮเดรต: 38 g"
เส้น,63,3,ปอเต็ก,320,32,12,10,"เมนู: ปอเต็ก
ส่วนประกอบ:
- กุ้ง: 120 g
- หมึก: 80 g
- ปลาหมึก: 60 g
- น้ำซุปต้มยำ: 350 g
พลังงาน: 320 kcal
โปรตีน: 32 g
ไขมัน: 12 g
คาร์โบไฮเดรต: 10 g"
เส้น,63,4,ต้มยำกุ้งผักบุ้ง,320,25,12,18,"เมนู: ต้มยำกุ้งผักบุ้ง
ส่วนประกอบ:
- ผักบุ้ง: 120 g
- กุ้ง: 80 g
- ลูกชิ้น: 60 g
- เนื้อหมู: 50 g
- น้ำซุป: 300 g
พลังงาน: 320 kcal
โปรตีน: 25 g
ไขมัน: 12 g
คาร์โบไฮเดรต: 18 g"
เส้น,63,5,เย็นตาโฟ,920,38,42,85,"เมนู: เย็นตาโฟ
ส่วนประกอบ:
- เส้นบะหมี่: 150 g
- หมูสับ: 80 g
- ลูกชิ้นปลา: 60 g
- ลูกชิ้นกุ้ง: 40 g
- เกี๊ยวทอด: 70 g
- เต้าหู้: 50 g
- ผักรวม: 120 g
พลังงาน: 920 kcal
โปรตีน: 38 g
ไขมัน: 42 g
คาร์โบไฮเดรต: 85 g"
เส้น,67,1,ก๋วยเตี๋ยวเรือ,520,24,19,58,"เมนู: ก๋วยเตี๋ยวเรือ
ส่วนประกอบ:
- เส้นก๋วยเตี๋ยว: 80 g
- เนื้อหมู: 70 g
- เลือดหมู: 40 g
- เครื่องเทศและสมุนไพร: 30 g
พลังงาน: 520 kcal
โปรตีน: 24 g
ไขมัน: 19 g
คาร์โบไฮเดรต: 58 g"
เส้น,67,2,ก๋วยเตี๋ยวต้มยำเลือดหมู,520,28,24,48,"เมนู: ก๋วยเตี๋ยวต้มยำเลือดหมู
ส่วนประกอบ:
- เส้นก๋วยเตี๋ยว: 80 g
- เลือดหมู: 60 g
- เนื้อหมู: 70 g
- น้ำซุป: 300 g
พลังงาน: 520 kcal
โปรตีน: 28 g
ไขมัน: 24 g
คาร์โบไฮเดรต: 48 g"
เส้น,67,3,ก๋วยจั๊บ,720,32,28,75,"เมนู: ก๋วยจั๊บ
ส่วนประกอบ:
- เลือดหมู: 120 g
- เนื้อหมู: 100 g
- เส้นก๋วยจั๊บ: 180 g
- กระเทียมเจียว: 20 g
พลังงาน: 720 kcal
โปรตีน: 32 g
ไขมัน: 28 g
คาร์โบไฮเดรต: 75 g"
เส้น,67,4,ขนมจีนน้ำเงี้ยว,520,24,28,48,"เมนู: ขนมจีนน้ำเงี้ยว
ส่วนประกอบ:
- เส้นขนมจีน: 150 g
- หมูสับ: 100 g
- น้ำซุป: 300 g
- ผักกาดขาว: 80 g
พลังงาน: 520 kcal
โปรตีน: 24 g
ไขมัน: 28 g
คาร์โบไฮเดรต: 48 g"
เส้น,67,5,แกงเลือดหมู,520,29,34,22,"เมนู: แกงเลือดหมู
ส่วนประกอบ:
- หมู: 150 g
- เลือดหมู: 100 g
- ถั่วลิสง: 40 g
- หอมเจียว: 20 g
พลังงาน: 520 kcal
โปรตีน: 29 g
ไขมัน: 34 g
คาร์โบไฮเดรต: 22 g"
เส้น,68,1,เกี๊ยวน้ำหมู,380,22,18,28,"เมนู: เกี๊ยวน้ำหมู
ส่วนประกอบ:
- เกี๊ยวหมู: 100 g
- หมูกรอบ: 60 g
- ผักกาดหอม: 50 g
- น้ำซุป: 350 g
พลังงาน: 380 kcal
โปรตีน: 22 g
ไขมัน: 18 g
คาร์โบไฮเดรต: 28 g"
เส้น,68,2,ต้มเครื่องในหมู,220,18,14,3,"เมนู: ต้มเครื่องในหมู
ส่วนประกอบ:
- เครื่องในหมู: 180 g
พลังงาน: 220 kcal
โปรตีน: 18 g
ไขมัน: 14 g
คาร์โบไฮเดรต: 3 g"
เส้น,68,3,ต้มจืดหัวไชเท้า,280,14,18,12,"เมนู: ต้มจืดหัวไชเท้า
ส่วนประกอบ:
- หัวไชเท้า: 150 g
- หมูสามชั้น: 80 g
- ต้นหอม: 10 g
พลังงาน: 280 kcal
โปรตีน: 14 g
ไขมัน: 18 g
คาร์โบไฮเดรต: 12 g"
เส้น,68,4,ก๋วยจั๊บ,380,22,18,28,"เมนู: ก๋วยจั๊บ
ส่วนประกอบ:
- เลือดหมู: 120 g
- ไข่ต้ม: 50 g
- หมูยอ/เนื้อหมู: 80 g
- ผักสด: 40 g
- น้ำซุป: 300 g
พลังงาน: 380 kcal
โปรตีน: 22 g
ไขมัน: 18 g
คาร์โบไฮเดรต: 28 g"
เส้น,68,5,ก๋วยจั๊บหมู,420,22,18,38,"เมนู: ก๋วยจั๊บหมู
ส่วนประกอบ:
- หมูสามชั้น: 80 g
- เส้นก๋วยจั๊บ: 100 g
- ลูกชิ้นหมู: 50 g
- ไส้หมู: 30 g
- ผักบุ้ง/ต้นหอม: 30 g
พลังงาน: 420 kcal
โปรตีน: 22 g
ไขมัน: 18 g
คาร์โบไฮเดรต: 38 g"
เส้น,83,1,ผัดไทยกุ้ง,580,24,19,78,"เมนู: ผัดไทยกุ้ง
ส่วนประกอบ:
- เส้นข้าว: 150 g
- กุ้ง: 60 g
- เต้าหู้: 40 g
- ไข่ไก่: 50 g
- ถั่วงอก: 60 g
- ถั่วลิสง: 20 g
พลังงาน: 580 kcal
โปรตีน: 24 g
ไขมัน: 19 g
คาร์โบไฮเดรต: 78 g"
เส้น,83,2,ผัดไทยกุ้ง,580,27,22,68,"เมนู: ผัดไทยกุ้ง
ส่วนประกอบ:
- เส้นข้าว: 180 g
- กุ้ง: 90 g
- ไข่ไก่: 50 g
- ถั่วงอก: 60 g
- ถั่วลิสง: 25 g
- ผักกาดหอม/ต้นหอม: 40 g
พลังงาน: 580 kcal
โปรตีน: 27 g
ไขมัน: 22 g
คาร์โบไฮเดรต: 68 g"
เส้น,83,3,ผัดไทยกุ้ง,580,26,22,72,"เมนู: ผัดไทยกุ้ง
ส่วนประกอบ:
- เส้นข้าว: 180 g
- กุ้ง: 90 g
- ไข่ไก่: 50 g
- ถั่วงอก: 80 g
- ต้นหอม: 20 g
พลังงาน: 580 kcal
โปรตีน: 26 g
ไขมัน: 22 g
คาร์โบไฮเดรต: 72 g"
เส้น,83,4,ผัดไทยกุ้ง,620,27,19,82,"เมนู: ผัดไทยกุ้ง
ส่วนประกอบ:
- เส้นข้าว: 180 g
- กุ้ง: 80 g
- ไข่ไก่: 50 g
- ถั่วลิสง: 25 g
- ถั่วงอก: 40 g
พลังงาน: 620 kcal
โปรตีน: 27 g
ไขมัน: 19 g
คาร์โบไฮเดรต: 82 g"
เส้น,83,5,ผัดไทย,680,19,27,88,"เมนู: ผัดไทย
ส่วนประกอบ:
- เส้นข้าว: 220 g
- ถั่วงอก: 90 g
- ไข่ไก่: 50 g
- ต้นหอม: 25 g
- หนังไก่ทอด: 40 g
พลังงาน: 680 kcal
โปรตีน: 19 g
ไขมัน: 27 g
คาร์โบไฮเดรต: 88 g"
เส้น,90,1,ก๋วยเตี๋ยวน้ำซุปแดง,580,18,28,62,"เมนู: ก๋วยเตี๋ยวน้ำซุปแดง
ส่วนประกอบ:
- เส้นก๋วยเตี๋ยว: 120 g
- เกี๊ยวทอด: 40 g
- น้ำซุป: 300 g
- หมูสับ: 50 g
- ผักใบ: 20 g
พลังงาน: 580 kcal
โปรตีน: 18 g
ไขมัน: 28 g
คาร์โบไฮเดรต: 62 g"
เส้น,90,2,แกงคั่วเส้นหมี่ทอด,520,28,32,35,"เมนู: แกงคั่วเส้นหมี่ทอด
ส่วนประกอบ:
- เนื้อไก่: 120 g
- น้ำแกงคั่ว: 250 g
- เส้นหมี่ทอด: 40 g
- กระเทียมเจียว: 10 g
พลังงาน: 520 kcal
โปรตีน: 28 g
ไขมัน: 32 g
คาร์โบไฮเดรต: 35 g"
เส้น,90,3,บะหมี่น้ำ,520,22,18,68,"เมนู: บะหมี่น้ำ
ส่วนประกอบ:
- เส้นบะหมี่: 180 g
- หมูแดง: 60 g
- เส้นทอดกรอบ: 40 g
- ผักใบ: 20 g
พลังงาน: 520 kcal
โปรตีน: 22 g
ไขมัน: 18 g
คาร์โบไฮเดรต: 68 g"
เส้น,90,4,ข้าวซอยไก่,720,32,42,55,"เมนู: ข้าวซอยไก่
ส่วนประกอบ:
- ไก่: 200 g
- เส้นหมี่ทอดกรอบ: 80 g
- น้ำแกงกะทิ: 300 g
- ผักชี: 10 g
พลังงาน: 720 kcal
โปรตีน: 32 g
ไขมัน: 42 g
คาร์โบไฮเดรต: 55 g"
เส้น,90,5,ข้าวซอย,680,29,38,52,"เมนู: ข้าวซอย
ส่วนประกอบ:
- เส้นก๋วยเตี๋ยว: 120 g
- เนื้อไก่: 100 g
- กะทิ: 180 g
- เส้นทอด: 30 g
พลังงาน: 680 kcal
โปรตีน: 29 g
ไขมัน: 38 g
คาร์โบไฮเดรต: 52 g"
แกงต้ม,13,1,ต้มจืดฟักเขียว,180,12,10,8,"เมนู: ต้มจืดฟักเขียว
ส่วนประกอบ:
- ฟักเขียว: 250 g
- หมูซี่โครง: 100 g
พลังงาน: 180 kcal
โปรตีน: 12 g
ไขมัน: 10 g
คาร์โบไฮเดรต: 8 g"
แกงต้ม,13,2,ต้มจืดหมูสับ,280,19,15,12,"เมนู: ต้มจืดหมูสับ
ส่วนประกอบ:
- หมูสับ: 80 g
- แครอท: 30 g
- ผักชี: 20 g
- กระเทียมเจียว: 10 g
พลังงาน: 280 kcal
โปรตีน: 19 g
ไขมัน: 15 g
คาร์โบไฮเดรต: 12 g"
แกงต้ม,13,3,ต้มจืดสาหร่ายไข่,110,7,5,3,"เมนู: ต้มจืดสาหร่ายไข่
ส่วนประกอบ:
- สาหร่ายทะเล: 25 g
- ไข่ไก่ต้ม: 50 g
- ต้นหอม: 15 g
พลังงาน: 110 kcal
โปรตีน: 7 g
ไขมัน: 5 g
คาร์โบไฮเดรต: 3 g"
แกงต้ม,13,4,แกงจืดหมู,195,14,12,6,"เมนู: แกงจืดหมู
ส่วนประกอบ:
- หมูบด: 80 g
- ผักกาดขาว: 60 g
- แครอท: 25 g
- หัวไชเท้า: 50 g
- กระเทียมเจียว: 8 g
พลังงาน: 195 kcal
โปรตีน: 14 g
ไขมัน: 12 g
คาร์โบไฮเดรต: 6 g"
แกงต้ม,13,5,ต้มจืดลูกชิ้นหมู,320,24,18,8,"เมนู: ต้มจืดลูกชิ้นหมู
ส่วนประกอบ:
- ลูกชิ้นหมู: 150 g
- ไข่ต้ม: 100 g
- ผักกาดขาว: 80 g
- แครอท: 20 g
- คื่นช่าย: 30 g
พลังงาน: 320 kcal
โปรตีน: 24 g
ไขมัน: 18 g
คาร์โบไฮเดรต: 8 g"
แกงต้ม,20,1,แกงเขียวหวาน,320,18,24,12,"เมนู: แกงเขียวหวาน
ส่วนประกอบ:
- เนื้อไก่: 80 g
- มะเขือเปราะ: 60 g
- กะทิ: 120 g
- ใบโหระพา: 20 g
- พริกแกงเขียวหวาน: 30 g
พลังงาน: 320 kcal
โปรตีน: 18 g
ไขมัน: 24 g
คาร์โบไฮเดรต: 12 g"
แกงต้ม,20,2,แกงเขียวหวาน,420,22,32,18,"เมนู: แกงเขียวหวาน
ส่วนประกอบ:
- กะทิ: 180 g
- เนื้อไก่: 80 g
- มะเขือเปราะ: 60 g
- ใบมะกรูด: 10 g
- พริกแดง: 15 g
พลังงาน: 420 kcal
โปรตีน: 22 g
ไขมัน: 32 g
คาร์โบไฮเดรต: 18 g"
แกงต้ม,20,3,แกงเหลือง,380,22,28,12,"เมนู: แกงเหลือง
ส่วนประกอบ:
- ปลา: 120 g
- มะเขือ: 80 g
- ฟักทอง: 60 g
- พริกหยวก: 40 g
- กะทิ: 150 g
พลังงาน: 380 kcal
โปรตีน: 22 g
ไขมัน: 28 g
คาร์โบไฮเดรต: 12 g"
แกงต้ม,20,4,แกงเขียวหวานไก่,380,24,28,14,"เมนู: แกงเขียวหวานไก่
ส่วนประกอบ:
- ถั่วลันเตา: 80 g
- เนื้อไก่: 100 g
- กะทิ: 150 g
- พริกเขียว: 20 g
พลังงาน: 380 kcal
โปรตีน: 24 g
ไขมัน: 28 g
คาร์โบไฮเดรต: 14 g"
แกงต้ม,20,5,แกงเหลืองหมู,420,22,32,18,"เมนู: แกงเหลืองหมู
ส่วนประกอบ:
- กะทิ: 200 g
- หมูสันใน: 100 g
- มะเขือเปราะ: 80 g
- ถั่วลันเตา: 50 g
- ใบมะกรูด: 10 g
พลังงาน: 420 kcal
โปรตีน: 22 g
ไขมัน: 32 g
คาร์โบไฮเดรต: 18 g"
แกงต้ม,25,1,คั่วกลิ้งหมู,520,38,38,8,"เมนู: คั่วกลิ้งหมู
ส่วนประกอบ:
- หมูสับ: 200 g
- พริกแกงแดง: 40 g
- ใบมะกรูด: 15 g
พลังงาน: 520 kcal
โปรตีน: 38 g
ไขมัน: 38 g
คาร์โบไฮเดรต: 8 g"
แกงต้ม,25,2,กุ้งผัดใบมะกรูด,320,28,18,8,"เมนู: กุ้งผัดใบมะกรูด
ส่วนประกอบ:
- กุ้ง: 180 g
พลังงาน: 320 kcal
โปรตีน: 28 g
ไขมัน: 18 g
คาร์โบไฮเดรต: 8 g"
แกงต้ม,25,3,กุ้งผัดผงกะหรี่,480,38,28,12,"เมนู: กุ้งผัดผงกะหรี่
ส่วนประกอบ:
- กุ้ง: 250 g
พลังงาน: 480 kcal
โปรตีน: 38 g
ไขมัน: 28 g
คาร์โบไฮเดรต: 12 g"
แกงต้ม,25,4,คั่วกลิ้งหมู,580,38,45,8,"เมนู: คั่วกลิ้งหมู
ส่วนประกอบ:
- หมูสับ: 200 g
- พริกแกงใต้: 40 g
- ใบมะกรูด: 5 g
พลังงาน: 580 kcal
โปรตีน: 38 g
ไขมัน: 45 g
คาร์โบไฮเดรต: 8 g"
แกงต้ม,25,5,หมูผัดน้ำพริกเผา,580,28,42,18,"เมนู: หมูผัดน้ำพริกเผา
ส่วนประกอบ:
- หมูสับ: 180 g
- น้ำพริกเผา: 40 g
- น้ำมันพืช: 25 g
- พริกแดง: 15 g
พลังงาน: 580 kcal
โปรตีน: 28 g
ไขมัน: 42 g
คาร์โบไฮเดรต: 18 g"
แกงต้ม,28,1,ต้มข่าไก่,340,22,27,10,"เมนู: ต้มข่าไก่
ส่วนประกอบ:
- เนื้อไก่: 80 g
- น้ำกะทิ: 200 g
- เห็ด: 50 g
พลังงาน: 340 kcal
โปรตีน: 22 g
ไขมัน: 27 g
คาร์โบไฮเดรต: 10 g"
แกงต้ม,28,2,ต้มข่าหมู,420,22,32,12,"เมนู: ต้มข่าหมู
ส่วนประกอบ:
- เนื้อหมู: 120 g
- เห็ดฟาง: 80 g
- กะทิ: 200 g
- ตะไคร้: 10 g
- ข่า: 15 g
- พริกแดง: 5 g
พลังงาน: 420 kcal
โปรตีน: 22 g
ไขมัน: 32 g
คาร์โบไฮเดรต: 12 g"
แกงต้ม,28,3,ต้มข่าทะเล,320,28,22,8,"เมนู: ต้มข่าทะเล
ส่วนประกอบ:
- กุ้ง: 60 g
- ปลา: 40 g
- หมึก: 30 g
- เห็ด: 50 g
- หัวหอม: 20 g
พลังงาน: 320 kcal
โปรตีน: 28 g
ไขมัน: 22 g
คาร์โบไฮเดรต: 8 g"
แกงต้ม,28,4,หอยแมลงภู่ต้มกะทิ,480,28,38,12,"เมนู: หอยแมลงภู่ต้มกะทิ
ส่วนประกอบ:
- หอยแมลงภู่: 250 g
- กะทิ: 150 g
- หอมแดง: 30 g
- พริกขี้หนู: 20 g
- ผักชี: 10 g
พลังงาน: 480 kcal
โปรตีน: 28 g
ไขมัน: 38 g
คาร์โบไฮเดรต: 12 g"
แกงต้ม,28,5,ต้มข่าไก่,320,22,26,8,"เมนู: ต้มข่าไก่
ส่วนประกอบ:
- น้ำกะทิ: 200 g
- เนื้อไก่: 100 g
- ตะไคร้/ข่า/ใบมะกรูด: 30 g
- เห็ด/ต้นหอม: 50 g
พลังงาน: 320 kcal
โปรตีน: 22 g
ไขมัน: 26 g
คาร์โบไฮเดรต: 8 g"
แกงต้ม,41,1,แกงเผ็ดหมู,520,28,42,12,"เมนู: แกงเผ็ดหมู
ส่วนประกอบ:
- เนื้อหมู: 150 g
- กะทิ: 120 g
- พริกแกงแดง: 30 g
พลังงาน: 520 kcal
โปรตีน: 28 g
ไขมัน: 42 g
คาร์โบไฮเดรต: 12 g"
แกงต้ม,41,2,แกงมัสมั่นเนื้อ,520,32,28,38,"เมนู: แกงมัสมั่นเนื้อ
ส่วนประกอบ:
- เนื้อวัว: 150 g
- มันฝรั่ง: 100 g
- หัวหอม: 50 g
- น้ำพริกแกงมัสมั่น: 40 g
พลังงาน: 520 kcal
โปรตีน: 32 g
ไขมัน: 28 g
คาร์โบไฮเดรต: 38 g"
แกงต้ม,41,3,หมูพะโล้,720,38,52,18,"เมนู: หมูพะโล้
ส่วนประกอบ:
- หมูสามชั้น: 180 g
- ไข่ไก่: 50 g
- ถั่วลิสง: 20 g
- น้ำพะโล้: 200 g
พลังงาน: 720 kcal
โปรตีน: 38 g
ไขมัน: 52 g
คาร์โบไฮเดรต: 18 g"
แกงต้ม,41,4,แกงฮังเล,480,28,32,18,"เมนู: แกงฮังเล
ส่วนประกอบ:
- เนื้อหมู: 150 g
- หอมแดง: 40 g
- เครื่องแกง: 30 g
พลังงาน: 480 kcal
โปรตีน: 28 g
ไขมัน: 32 g
คาร์โบไฮเดรต: 18 g"
แกงต้ม,41,5,ขาหมู,780,48,58,12,"เมนู: ขาหมู
ส่วนประกอบ:
- ขาหมู: 350 g
พลังงาน: 780 kcal
โปรตีน: 48 g
ไขมัน: 58 g
คาร์โบไฮเดรต: 12 g"
แกงต้ม,56,1,แกงฟักทอง,275,9,19,18,"เมนู: แกงฟักทอง
ส่วนประกอบ:
- ฟักทอง: 180 g
- ผักคะน้า: 60 g
- กะทิ: 90 g
- เนื้อหมูสับ: 40 g
พลังงาน: 275 kcal
โปรตีน: 9 g
ไขมัน: 19 g
คาร์โบไฮเดรต: 18 g"
แกงต้ม,56,2,แกงหน่อไม้กะทิ,380,12,28,18,"เมนู: แกงหน่อไม้กะทิ
ส่วนประกอบ:
- หน่อไม้: 150 g
- ผักใบเขียว: 50 g
- กะทิ: 120 g
- หอยหรือเห็ด: 40 g
พลังงาน: 380 kcal
โปรตีน: 12 g
ไขมัน: 28 g
คาร์โบไฮเดรต: 18 g"
แกงต้ม,56,3,แกงขี้เหล็ก,380,7,28,18,"เมนู: แกงขี้เหล็ก
ส่วนประกอบ:
- กะทิ: 200 g
- ใบขี้เหล็ก: 150 g
- เห็ด: 50 g
พลังงาน: 380 kcal
โปรตีน: 7 g
ไขมัน: 28 g
คาร์โบไฮเดรต: 18 g"
แกงต้ม,56,4,หอยผัดพริกเผา,480,28,32,18,"เมนู: หอยผัดพริกเผา
ส่วนประกอบ:
- หอยแมลงภู่: 200 g
- น้ำพริกเผา: 40 g
- กะทิ: 120 g
- ใบโหระพา: 15 g
- มะเขือเทศ: 25 g
พลังงาน: 480 kcal
โปรตีน: 28 g
ไขมัน: 32 g
คาร์โบไฮเดรต: 18 g"
แกงต้ม,56,5,แกงหอยแมลงภู่ใบยอ,480,28,32,18,"เมนู: แกงหอยแมลงภู่ใบยอ
ส่วนประกอบ:
- หอยแมลงภู่: 150 g
- ใบยอ: 80 g
- กะทิ: 150 g
- พริกแกงเหลือง: 30 g
พลังงาน: 480 kcal
โปรตีน: 28 g
ไขมัน: 32 g
คาร์โบไฮเดรต: 18 g"
แกงต้ม,65,1,ต้มยำลูกชิ้น,320,22,18,15,"เมนู: ต้มยำลูกชิ้น
ส่วนประกอบ:
- ลูกชิ้นปลา: 120 g
- พริกแกงต้มยำ: 40 g
- ผักรวม: 80 g
พลังงาน: 320 kcal
โปรตีน: 22 g
ไขมัน: 18 g
คาร์โบไฮเดรต: 15 g"
แกงต้ม,65,2,แกงป่า,320,25,18,15,"เมนู: แกงป่า
ส่วนประกอบ:
- เนื้อไก่: 120 g
- มะเขือพวง: 80 g
- มะเขือยาว: 70 g
- ถั่วฝักยาว: 50 g
- พริกแกงป่า: 30 g
พลังงาน: 320 kcal
โปรตีน: 25 g
ไขมัน: 18 g
คาร์โบไฮเดรต: 15 g"
แกงต้ม,65,3,แกงเลียง,180,7,4,20,"เมนู: แกงเลียง
ส่วนประกอบ:
- ใบแมงลัก: 40 g
- ถั่วลันเตา: 30 g
- ฟักทอง: 50 g
- มะเขือ: 40 g
พลังงาน: 180 kcal
โปรตีน: 7 g
ไขมัน: 4 g
คาร์โบไฮเดรต: 20 g"
แกงต้ม,65,4,แกงส้มปลา,380,28,22,15,"เมนู: แกงส้มปลา
ส่วนประกอบ:
- ปลา: 150 g
- มะเขือ: 100 g
- หน่อไม้: 80 g
- พริกแดง: 20 g
พลังงาน: 380 kcal
โปรตีน: 28 g
ไขมัน: 22 g
คาร์โบไฮเดรต: 15 g"
แกงต้ม,65,5,ต้มยำหมู,380,28,22,12,"เมนู: ต้มยำหมู
ส่วนประกอบ:
- หมูสับ: 150 g
- มะเขือเขียว: 80 g
- ใบโหระพา: 15 g
- น้ำซุป: 300 g
พลังงาน: 380 kcal
โปรตีน: 28 g
ไขมัน: 22 g
คาร์โบไฮเดรต: 12 g"
แกงต้ม,69,1,แกงส้มกุ้งชะอม,320,22,18,12,"เมนู: แกงส้มกุ้งชะอม
ส่วนประกอบ:
- กุ้ง: 80 g
- ไข่เจียวชะอม: 60 g
- น้ำแกงส้ม: 250 g
พลังงาน: 320 kcal
โปรตีน: 22 g
ไขมัน: 18 g
คาร์โบไฮเดรต: 12 g"
แกงต้ม,69,2,ปูผัดผงกะหรี่,480,38,28,12,"เมนู: ปูผัดผงกะหรี่
ส่วนประกอบ:
- ปู: 350 g
- ผักใบเขียว: 50 g
- เนื้อปลา/ปลาหมึก: 80 g
พลังงาน: 480 kcal
โปรตีน: 38 g
ไขมัน: 28 g
คาร์โบไฮเดรต: 12 g"
แกงต้ม,69,3,แกงส้มผักรวม,185,9,4,12,"เมนู: แกงส้มผักรวม
ส่วนประกอบ:
- ผักรวม: 180 g
- ลูกชิ้นปลา: 40 g
- น้ำซุป: 200 g
พลังงาน: 185 kcal
โปรตีน: 9 g
ไขมัน: 4 g
คาร์โบไฮเดรต: 12 g"
แกงต้ม,69,4,แกงส้มกุ้ง,480,28,32,18,"เมนู: แกงส้มกุ้ง
ส่วนประกอบ:
- กุ้ง: 150 g
- ปลา: 100 g
- ผักรวม: 120 g
พลังงาน: 480 kcal
โปรตีน: 28 g
ไขมัน: 32 g
คาร์โบไฮเดรต: 18 g"
แกงต้ม,69,5,แกงส้มกุ้ง,320,22,18,12,"เมนู: แกงส้มกุ้ง
ส่วนประกอบ:
- กุ้ง: 120 g
- ผักบุ้ง: 80 g
- ไข่เจียว: 60 g
พลังงาน: 320 kcal
โปรตีน: 22 g
ไขมัน: 18 g
คาร์โบไฮเดรต: 12 g"
แกงต้ม,72,1,แกงกะหรี่ปลา,420,22,25,35,"เมนู: แกงกะหรี่ปลา
ส่วนประกอบ:
- ปลา: 120 g
- มันฝรั่ง: 180 g
- น้ำกะทิ: 150 g
พลังงาน: 420 kcal
โปรตีน: 22 g
ไขมัน: 25 g
คาร์โบไฮเดรต: 35 g"
แกงต้ม,72,2,แกงส้มกุ้ง,280,22,10,18,"เมนู: แกงส้มกุ้ง
ส่วนประกอบ:
- กุ้ง: 150 g
- หน่อไม้: 120 g
- น้ำซุปแกง: 200 g
พลังงาน: 280 kcal
โปรตีน: 22 g
ไขมัน: 10 g
คาร์โบไฮเดรต: 18 g"
แกงต้ม,72,3,แกงส้มหน่อไม้,220,12,9,18,"เมนู: แกงส้มหน่อไม้
ส่วนประกอบ:
- หน่อไม้: 180 g
- น้ำซุปแกงส้ม: 250 g
พลังงาน: 220 kcal
โปรตีน: 12 g
ไขมัน: 9 g
คาร์โบไฮเดรต: 18 g"
แกงต้ม,72,4,แกงปลาหน่อไม้,380,28,25,12,"เมนู: แกงปลาหน่อไม้
ส่วนประกอบ:
- ปลา: 150 g
- หน่อไม้: 120 g
- มะเขือ: 50 g
- กะทิ: 80 g
พลังงาน: 380 kcal
โปรตีน: 28 g
ไขมัน: 25 g
คาร์โบไฮเดรต: 12 g"
แกงต้ม,72,5,แกงเหลืองปลา,420,32,22,18,"เมนู: แกงเหลืองปลา
ส่วนประกอบ:
- ปลา: 180 g
- มะละกอ: 120 g
- น้ำพริกแกงเหลือง: 60 g
พลังงาน: 420 kcal
โปรตีน: 32 g
ไขมัน: 22 g
คาร์โบไฮเดรต: 18 g"
แกงต้ม,81,1,หมกไข่,480,22,38,8,"เมนู: หมกไข่
ส่วนประกอบ:
- ไข่ไก่: 150 g
- กะทิ: 80 g
- ใบโหระพา: 30 g
พลังงาน: 480 kcal
โปรตีน: 22 g
ไขมัน: 38 g
คาร์โบไฮเดรต: 8 g"
แกงต้ม,81,2,ห่อหมกปลา,850,45,65,20,"เมนู: ห่อหมกปลา
ส่วนประกอบ:
- ปลา: 200 g
- กะทิ: 150 g
- ไข่ไก่: 100 g
- พริกแกง: 30 g
พลังงาน: 850 kcal
โปรตีน: 45 g
ไขมัน: 65 g
คาร์โบไฮเดรต: 20 g"
แกงต้ม,81,3,ห่อหมกปลา,920,48,72,18,"เมนู: ห่อหมกปลา
ส่วนประกอบ:
- ปลา: 280 g
- กะทิ: 180 g
- พริกแกง: 60 g
- ไข่: 100 g
- ใบยี่หร่า: 20 g
พลังงาน: 920 kcal
โปรตีน: 48 g
ไขมัน: 72 g
คาร์โบไฮเดรต: 18 g"
แกงต้ม,81,4,ทอดมันกุ้ง,720,38,48,25,"เมนู: ทอดมันกุ้ง
ส่วนประกอบ:
- กุ้ง: 150 g
- ไข่: 100 g
- แป้งสาลี: 40 g
- น้ำมันพืช: 35 g
พลังงาน: 720 kcal
โปรตีน: 38 g
ไขมัน: 48 g
คาร์โบไฮเดรต: 25 g"
แกงต้ม,81,5,ห่อหมก,380,22,28,12,"เมนู: ห่อหมก
ส่วนประกอบ:
- ปลา: 150 g
- กะทิ: 80 g
- พริกแกงเหลือง: 40 g
- ใบมะกรูด: 10 g
พลังงาน: 380 kcal
โปรตีน: 22 g
ไขมัน: 28 g
คาร์โบไฮเดรต: 12 g"
ทอด,46,1,ข้าวหมกไก่,720,38,28,75,"เมนู: ข้าวหมกไก่
ส่วนประกอบ:
- ข้าวหุงเหลือง: 280 g
- เนื้อไก่ติดหนัง: 160 g
- แตงกวา: 50 g
- หอมเจียว: 10 g
พลังงาน: 720 kcal
โปรตีน: 38 g
ไขมัน: 28 g
คาร์โบไฮเดรต: 75 g"
ทอด,46,2,ข้าวหมกไก่,720,34,23,88,"เมนู: ข้าวหมกไก่
ส่วนประกอบ:
- ข้าวสวยหุง: 280 g
- เนื้อไก่: 150 g
- แครอท: 20 g
- หอมเจียว: 15 g
- แตงกวา: 50 g
พลังงาน: 720 kcal
โปรตีน: 34 g
ไขมัน: 23 g
คาร์โบไฮเดรต: 88 g"
ทอด,46,3,ข้าวหมกไก่,720,38,24,85,"เมนู: ข้าวหมกไก่
ส่วนประกอบ:
- ข้าวหอมมะลิหุงสุก: 220 g
- เนื้อไก่ติดกระดูก: 180 g
- หอมเจียว: 15 g
- ผักกาดหอม: 30 g
- น้ำจิ้มไก่: 40 g
พลังงาน: 720 kcal
โปรตีน: 38 g
ไขมัน: 24 g
คาร์โบไฮเดรต: 85 g"
ทอด,46,4,ข้าวหมกไก่,720,38,24,85,"เมนู: ข้าวหมกไก่
ส่วนประกอบ:
- ข้าวหุงสุก: 200 g
- เนื้อไก่: 150 g
- แตงกวา: 60 g
- หอมเจียว: 15 g
พลังงาน: 720 kcal
โปรตีน: 38 g
ไขมัน: 24 g
คาร์โบไฮเดรต: 85 g"
ทอด,46,5,ข้าวหมกไก่,720,37,29,68,"เมนู: ข้าวหมกไก่
ส่วนประกอบ:
- ข้าวหุงสุก: 250 g
- เนื้อไก่: 200 g
- แตงกวา: 50 g
พลังงาน: 720 kcal
โปรตีน: 37 g
ไขมัน: 29 g
คาร์โบไฮเดรต: 68 g"
ทอด,50,1,หอยทอด,520,24,32,38,"เมนู: หอยทอด
ส่วนประกอบ:
- หอยแมลงภู่: 150 g
- ไข่ไก่: 100 g
- ถั่วงอก: 80 g
- แป้งสาลี: 60 g
- น้ำมันพืช: 40 g
พลังงาน: 520 kcal
โปรตีน: 24 g
ไขมัน: 32 g
คาร์โบไฮเดรต: 38 g"
ทอด,50,2,หอยทอด,480,22,28,32,"เมนู: หอยทอด
ส่วนประกอบ:
- หอยนางรม: 120 g
พลังงาน: 480 kcal
โปรตีน: 22 g
ไขมัน: 28 g
คาร์โบไฮเดรต: 32 g"
ทอด,50,3,ไก่ทอด,720,48,45,32,"เมนู: ไก่ทอด
ส่วนประกอบ:
- ไก่: 280 g
- แป้งทอดกรอบ: 60 g
- น้ำมันพืช: 35 g
พลังงาน: 720 kcal
โปรตีน: 48 g
ไขมัน: 45 g
คาร์โบไฮเดรต: 32 g"
ทอด,50,4,หอยทอด,680,29,38,48,"เมนู: หอยทอด
ส่วนประกอบ:
- หอยนางรม: 150 g
- ไข่ไก่: 100 g
- ถั่วงอก: 80 g
- แป้งสาลี: 60 g
พลังงาน: 680 kcal
โปรตีน: 29 g
ไขมัน: 38 g
คาร์โบไฮเดรต: 48 g"
ทอด,50,5,หอยทอด,780,32,48,45,"เมนู: หอยทอด
ส่วนประกอบ:
- หอยนางรม: 150 g
- ไข่ไก่: 100 g
- ถั่วงอก: 80 g
- แป้งทอด: 120 g
- น้ำมันพืช: 50 g
พลังงาน: 780 kcal
โปรตีน: 32 g
ไขมัน: 48 g
คาร์โบไฮเดรต: 45 g"
ทอด,55,1,ข้าวขาหมู,780,35,32,82,"เมนู: ข้าวขาหมู
ส่วนประกอบ:
- ข้าวสวย: 250 g
- ขาหมูตุ๋น: 180 g
- ผักกาดดองผัด: 120 g
พลังงาน: 780 kcal
โปรตีน: 35 g
ไขมัน: 32 g
คาร์โบไฮเดรต: 82 g"
ทอด,55,2,ข้าวหมูกรอบผักดอง,980,52,48,72,"เมนู: ข้าวหมูกรอบผักดอง
ส่วนประกอบ:
- ข้าวสวย: 250 g
- หมูกรอบ: 120 g
- เนื้อหมูย่าง: 100 g
- ผักกาดดอง: 50 g
พลังงาน: 980 kcal
โปรตีน: 52 g
ไขมัน: 48 g
คาร์โบไฮเดรต: 72 g"
ทอด,55,3,ข้าวหมูอบ,680,38,27,72,"เมนู: ข้าวหมูอบ
ส่วนประกอบ:
- ข้าวสวย: 250 g
- หมูอบ: 150 g
- ไข่ต้ม: 60 g
- ผักคะน้าผัด: 100 g
พลังงาน: 680 kcal
โปรตีน: 38 g
ไขมัน: 27 g
คาร์โบไฮเดรต: 72 g"
ทอด,55,4,ข้าวหมูตุ๋น,780,26,38,62,"เมนู: ข้าวหมูตุ๋น
ส่วนประกอบ:
- ข้าวสวย: 180 g
- หมูสามชั้น: 110 g
- ไข่ไก่: 50 g
- ผักดอง: 40 g
พลังงาน: 780 kcal
โปรตีน: 26 g
ไขมัน: 38 g
คาร์โบไฮเดรต: 62 g"
ทอด,55,5,ข้าวหมูกรอบผักดอง,720,32,35,65,"เมนู: ข้าวหมูกรอบผักดอง
ส่วนประกอบ:
- ข้าวสวย: 250 g
- หมูกรอบ: 150 g
- ผักกาดดอง: 50 g
พลังงาน: 720 kcal
โปรตีน: 32 g
ไขมัน: 35 g
คาร์โบไฮเดรต: 65 g"
ทอด,58,1,ข้าวหมูแดง,630,33,24,73,"เมนู: ข้าวหมูแดง
ส่วนประกอบ:
- ข้าวสวย: 250 g
- หมูแดง: 120 g
- ไข่ต้ม: 50 g
- แตงกวา: 50 g
พลังงาน: 630 kcal
โปรตีน: 33 g
ไขมัน: 24 g
คาร์โบไฮเดรต: 73 g"
ทอด,58,2,ข้าวหมูแดงหมูกรอบ,850,38,42,72,"เมนู: ข้าวหมูแดงหมูกรอบ
ส่วนประกอบ:
- ข้าวสวย: 200 g
- หมูแดง: 80 g
- หมูกรอบ: 60 g
- ไข่ต้ม: 50 g
- แตงกวา: 40 g
พลังงาน: 850 kcal
โปรตีน: 38 g
ไขมัน: 42 g
คาร์โบไฮเดรต: 72 g"
ทอด,58,3,ข้าวหมูแดง,720,35,27,78,"เมนู: ข้าวหมูแดง
ส่วนประกอบ:
- ข้าวสวย: 200 g
- หมูแดง: 150 g
- ไข่ต้ม: 30 g
- แตงกวา: 50 g
- ผักชี: 5 g
พลังงาน: 720 kcal
โปรตีน: 35 g
ไขมัน: 27 g
คาร์โบไฮเดรต: 78 g"
ทอด,58,4,ข้าวหน้าเป็ด,720,32,28,85,"เมนู: ข้าวหน้าเป็ด
ส่วนประกอบ:
- ข้าวสวย: 200 g
- เนื้อเป็ดย่าง: 150 g
- แตงกวา: 50 g
- ไข่ต้ม: 50 g
- น้ำจิ้ม/ซอส: 30 g
พลังงาน: 720 kcal
โปรตีน: 32 g
ไขมัน: 28 g
คาร์โบไฮเดรต: 85 g"
ทอด,58,5,ข้าวหมูกรอบ,720,32,38,65,"เมนู: ข้าวหมูกรอบ
ส่วนประกอบ:
- ข้าวสวย: 200 g
- หมูกรอบ: 120 g
- ไข่ต้ม: 50 g
- แตงกวา: 40 g
- ไส้กรอก: 30 g
- ต้นหอม: 10 g
พลังงาน: 720 kcal
โปรตีน: 32 g
ไขมัน: 38 g
คาร์โบไฮเดรต: 65 g"
ทอด,75,1,หมูสามชั้นทอด,780,28,68,4,"เมนู: หมูสามชั้นทอด
ส่วนประกอบ:
- หมูสามชั้น: 180 g
- น้ำจิ้มซีอิ๊ว: 25 g
พลังงาน: 780 kcal
โปรตีน: 28 g
ไขมัน: 68 g
คาร์โบไฮเดรต: 4 g"
ทอด,75,2,หมูกรอบ,1050,42,85,12,"เมนู: หมูกรอบ
ส่วนประกอบ:
- หมูสามชั้นทอด: 250 g
- ผักดอง: 80 g
พลังงาน: 1050 kcal
โปรตีน: 42 g
ไขมัน: 85 g
คาร์โบไฮเดรต: 12 g"
ทอด,75,3,หมูกรอบ,1350,60,120,5,"เมนู: หมูกรอบ
ส่วนประกอบ:
- หมูสามชั้นทอดกรอบ: 300 g
พลังงาน: 1350 kcal
โปรตีน: 60 g
ไขมัน: 120 g
คาร์โบไฮเดรต: 5 g"
ทอด,75,4,หมูสามชั้นทอด,850,32,75,8,"เมนู: หมูสามชั้นทอด
ส่วนประกอบ:
- หมูสามชั้น: 250 g
- กระเทียมเจียว: 20 g
- ผักชี: 10 g
พลังงาน: 850 kcal
โปรตีน: 32 g
ไขมัน: 75 g
คาร์โบไฮเดรต: 8 g"
ทอด,75,5,หมูสามชั้นทอดกรอบ,850,42,65,15,"เมนู: หมูสามชั้นทอดกรอบ
ส่วนประกอบ:
- หมูสามชั้น: 250 g
- น้ำมันพืช: 40 g
- กระเทียมเจียว: 20 g
- ผักชี: 15 g
พลังงาน: 850 kcal
โปรตีน: 42 g
ไขมัน: 65 g
คาร์โบไฮเดรต: 15 g"
ทอด,86,1,ข้าวมันไก่,680,38,24,72,"เมนู: ข้าวมันไก่
ส่วนประกอบ:
- ข้าวสวย: 200 g
- เนื้อไก่: 150 g
- เครื่องในไก่: 60 g
- แตงกวา: 50 g
พลังงาน: 680 kcal
โปรตีน: 38 g
ไขมัน: 24 g
คาร์โบไฮเดรต: 72 g"
ทอด,86,2,ข้าวมันไก่,720,42,28,75,"เมนู: ข้าวมันไก่
ส่วนประกอบ:
- ข้าวสวยหุงน้ำมันไก่: 250 g
- เนื้อไก่ต้ม: 180 g
- น้ำจิ้มไก่: 40 g
- แตงกวา: 50 g
พลังงาน: 720 kcal
โปรตีน: 42 g
ไขมัน: 28 g
คาร์โบไฮเดรต: 75 g"
ทอด,86,3,ข้าวมันไก่,680,38,24,72,"เมนู: ข้าวมันไก่
ส่วนประกอบ:
- ข้าวสวย: 220 g
- เนื้อไก่: 160 g
- แตงกวา: 60 g
- ผักชี: 10 g
- เลือดหมู/ไก่: 20 g
พลังงาน: 680 kcal
โปรตีน: 38 g
ไขมัน: 24 g
คาร์โบไฮเดรต: 72 g"
ทอด,86,4,ข้าวมันไก่,620,42,12,78,"เมนู: ข้าวมันไก่
ส่วนประกอบ:
- ข้าวสวย: 300 g
- เนื้อไก่ต้ม: 180 g
- แตงกวา: 40 g
พลังงาน: 620 kcal
โปรตีน: 42 g
ไขมัน: 12 g
คาร์โบไฮเดรต: 78 g"
ทอด,86,5,ข้าวมันไก่,720,35,22,85,"เมนู: ข้าวมันไก่
ส่วนประกอบ:
- ข้าวสวย: 250 g
- เนื้อไก่: 180 g
- แตงกวา: 60 g
- น้ำจิ้มไก่: 30 g
พลังงาน: 720 kcal
โปรตีน: 35 g
ไขมัน: 22 g
คาร์โบไฮเดรต: 85 g"
ทอด,87,1,ปีกไก่ทอด,620,32,42,25,"เมนู: ปีกไก่ทอด
ส่วนประกอบ:
- ปีกไก่: 250 g
พลังงาน: 620 kcal
โปรตีน: 32 g
ไขมัน: 42 g
คาร์โบไฮเดรต: 25 g"
ทอด,87,2,ไก่ทอด,980,77,63,42,"เมนู: ไก่ทอด
ส่วนประกอบ:
- เนื้อไก่: 350 g
พลังงาน: 980 kcal
โปรตีน: 77 g
ไขมัน: 63 g
คาร์โบไฮเดรต: 42 g"
ทอด,87,3,ไก่ทอดหอมเจียว,720,38,52,18,"เมนู: ไก่ทอดหอมเจียว
ส่วนประกอบ:
- ไก่ทอด: 180 g
- หอมเจียว: 60 g
พลังงาน: 720 kcal
โปรตีน: 38 g
ไขมัน: 52 g
คาร์โบไฮเดรต: 18 g"
ทอด,87,4,ไก่ทอดหอมเจียว,1150,65,75,45,"เมนู: ไก่ทอดหอมเจียว
ส่วนประกอบ:
- เนื้อไก่: 400 g
- หอมเจียว: 50 g
- น้ำจิ้ม: 40 g
พลังงาน: 1150 kcal
โปรตีน: 65 g
ไขมัน: 75 g
คาร์โบไฮเดรต: 45 g"
ทอด,87,5,ปีกไก่ทอด,850,42,55,35,"เมนู: ปีกไก่ทอด
ส่วนประกอบ:
- ปีกไก่: 300 g
- หอมเจียว: 30 g
พลังงาน: 850 kcal
โปรตีน: 42 g
ไขมัน: 55 g
คาร์โบไฮเดรต: 35 g"
ทอด,92,1,ทอดมันปลา,1150,38,75,55,"เมนู: ทอดมันปลา
ส่วนประกอบ:
- ปลากราย: 250 g
- พริกแกง: 40 g
- แป้งมันสำปะหลัง: 60 g
- น้ำมันพืช: 80 g
พลังงาน: 1150 kcal
โปรตีน: 38 g
ไขมัน: 75 g
คาร์โบไฮเดรต: 55 g"
ทอด,92,2,ทอดมันปลา,520,28,35,22,"เมนู: ทอดมันปลา
ส่วนประกอบ:
- ปลากราย: 200 g
- ใบโหระพา: 30 g
- ผักกาดหอม: 50 g
พลังงาน: 520 kcal
โปรตีน: 28 g
ไขมัน: 35 g
คาร์โบไฮเดรต: 22 g"
ทอด,92,3,ทอดมันปลา,380,22,25,18,"เมนู: ทอดมันปลา
ส่วนประกอบ:
- ปลากราย: 150 g
พลังงาน: 380 kcal
โปรตีน: 22 g
ไขมัน: 25 g
คาร์โบไฮเดรต: 18 g"
ทอด,92,4,ทอดมันปลา,520,28,32,35,"เมนู: ทอดมันปลา
ส่วนประกอบ:
- ปลากราย: 180 g
- แป้งมันสำปะหลัง: 60 g
- ถั่วฝักยาว: 30 g
- แตงกวา: 50 g
- ผักกาดหอม: 30 g
- มะเขือเทศ: 30 g
- น้ำจิ้ม: 40 g
พลังงาน: 520 kcal
โปรตีน: 28 g
ไขมัน: 32 g
คาร์โบไฮเดรต: 35 g"
ทอด,92,5,หอยทอด,650,22,38,52,"เมนู: หอยทอด
ส่วนประกอบ:
- หอยนางรม: 150 g
- แป้งทอด: 120 g
- ต้นหอม: 30 g
- น้ำมันพืช: 50 g
พลังงาน: 650 kcal
โปรตีน: 22 g
ไขมัน: 38 g
คาร์โบไฮเดรต: 52 g"
